USE [julkaisut]
GO
SET IDENTITY_INSERT [dbo].[Koulutusala] ON

INSERT [dbo].[Koulutusala] ([KoulutusalaID], [Koodi], [Nimi], [Alkamispaivmaara], [Paattymispaivamaara], [Luoja], [Luontipaivamaara], [Paivittaja], [Paivityspaivamaara]) VALUES (1, N'0', N'Yleissivistävä koulutus', CAST(0x0000A0E100000000 AS DateTime), CAST(0x00012FDA00000000 AS DateTime), N'DWI\rrapo', CAST(0x041AA79026A13A0B00 AS DateTime2), NULL, NULL)
INSERT [dbo].[Koulutusala] ([KoulutusalaID], [Koodi], [Nimi], [Alkamispaivmaara], [Paattymispaivamaara], [Luoja], [Luontipaivamaara], [Paivittaja], [Paivityspaivamaara]) VALUES (2, N'1', N'Humanistinen ja kasvatusala', CAST(0x0000A0E100000000 AS DateTime), CAST(0x00012FDA00000000 AS DateTime), N'DWI\rrapo', CAST(0x041AA79026A13A0B00 AS DateTime2), NULL, NULL)
INSERT [dbo].[Koulutusala] ([KoulutusalaID], [Koodi], [Nimi], [Alkamispaivmaara], [Paattymispaivamaara], [Luoja], [Luontipaivamaara], [Paivittaja], [Paivityspaivamaara]) VALUES (3, N'2', N'Kulttuuriala', CAST(0x0000A0E100000000 AS DateTime), CAST(0x00012FDA00000000 AS DateTime), N'DWI\rrapo', CAST(0x041AA79026A13A0B00 AS DateTime2), NULL, NULL)
INSERT [dbo].[Koulutusala] ([KoulutusalaID], [Koodi], [Nimi], [Alkamispaivmaara], [Paattymispaivamaara], [Luoja], [Luontipaivamaara], [Paivittaja], [Paivityspaivamaara]) VALUES (4, N'3', N'Yhteiskuntatieteiden, liiketalouden ja hallinnon ala', CAST(0x0000A0E100000000 AS DateTime), CAST(0x00012FDA00000000 AS DateTime), N'DWI\rrapo', CAST(0x0438A79026A13A0B00 AS DateTime2), NULL, NULL)
INSERT [dbo].[Koulutusala] ([KoulutusalaID], [Koodi], [Nimi], [Alkamispaivmaara], [Paattymispaivamaara], [Luoja], [Luontipaivamaara], [Paivittaja], [Paivityspaivamaara]) VALUES (5, N'4', N'Luonnontieteiden ala', CAST(0x0000A0E100000000 AS DateTime), CAST(0x00012FDA00000000 AS DateTime), N'DWI\rrapo', CAST(0x0438A79026A13A0B00 AS DateTime2), NULL, NULL)
INSERT [dbo].[Koulutusala] ([KoulutusalaID], [Koodi], [Nimi], [Alkamispaivmaara], [Paattymispaivamaara], [Luoja], [Luontipaivamaara], [Paivittaja], [Paivityspaivamaara]) VALUES (6, N'5', N'Tekniikan ja liikenteen ala', CAST(0x0000A0E100000000 AS DateTime), CAST(0x00012FDA00000000 AS DateTime), N'DWI\rrapo', CAST(0x0438A79026A13A0B00 AS DateTime2), NULL, NULL)
INSERT [dbo].[Koulutusala] ([KoulutusalaID], [Koodi], [Nimi], [Alkamispaivmaara], [Paattymispaivamaara], [Luoja], [Luontipaivamaara], [Paivittaja], [Paivityspaivamaara]) VALUES (7, N'6', N'Luonnonvara- ja ympäristöala', CAST(0x0000A0E100000000 AS DateTime), CAST(0x00012FDA00000000 AS DateTime), N'DWI\rrapo', CAST(0x0438A79026A13A0B00 AS DateTime2), NULL, NULL)
INSERT [dbo].[Koulutusala] ([KoulutusalaID], [Koodi], [Nimi], [Alkamispaivmaara], [Paattymispaivamaara], [Luoja], [Luontipaivamaara], [Paivittaja], [Paivityspaivamaara]) VALUES (8, N'7', N'Sosiaali-, terveys- ja liikunta-ala', CAST(0x0000A0E100000000 AS DateTime), CAST(0x00012FDA00000000 AS DateTime), N'DWI\rrapo', CAST(0x0438A79026A13A0B00 AS DateTime2), NULL, NULL)
INSERT [dbo].[Koulutusala] ([KoulutusalaID], [Koodi], [Nimi], [Alkamispaivmaara], [Paattymispaivamaara], [Luoja], [Luontipaivamaara], [Paivittaja], [Paivityspaivamaara]) VALUES (9, N'8', N'Matkailu-, ravitsemis- ja talousala', CAST(0x0000A0E100000000 AS DateTime), CAST(0x00012FDA00000000 AS DateTime), N'DWI\rrapo', CAST(0x0438A79026A13A0B00 AS DateTime2), NULL, NULL)
INSERT [dbo].[Koulutusala] ([KoulutusalaID], [Koodi], [Nimi], [Alkamispaivmaara], [Paattymispaivamaara], [Luoja], [Luontipaivamaara], [Paivittaja], [Paivityspaivamaara]) VALUES (10, N'9', N'Muu koulutus', CAST(0x0000A0E100000000 AS DateTime), CAST(0x00012FDA00000000 AS DateTime), N'DWI\rrapo', CAST(0x0438A79026A13A0B00 AS DateTime2), NULL, NULL)
INSERT [dbo].[Koulutusala] ([KoulutusalaID], [Koodi], [Nimi], [Alkamispaivmaara], [Paattymispaivamaara], [Luoja], [Luontipaivamaara], [Paivittaja], [Paivityspaivamaara]) VALUES (11, N'0', N'Esiopetus', CAST(0x0000A10300000000 AS DateTime), CAST(0x00012FDA00000000 AS DateTime), N'DWI\rrapo', CAST(0x0438A79026A13A0B00 AS DateTime2), NULL, NULL)
INSERT [dbo].[Koulutusala] ([KoulutusalaID], [Koodi], [Nimi], [Alkamispaivmaara], [Paattymispaivamaara], [Luoja], [Luontipaivamaara], [Paivittaja], [Paivityspaivamaara]) VALUES (12, N'1', N'Perusopetus', CAST(0x0000A10300000000 AS DateTime), CAST(0x00012FDA00000000 AS DateTime), N'DWI\rrapo', CAST(0x0438A79026A13A0B00 AS DateTime2), NULL, NULL)
INSERT [dbo].[Koulutusala] ([KoulutusalaID], [Koodi], [Nimi], [Alkamispaivmaara], [Paattymispaivamaara], [Luoja], [Luontipaivamaara], [Paivittaja], [Paivityspaivamaara]) VALUES (13, N'2', N'Lukiokoulutus', CAST(0x0000A10300000000 AS DateTime), CAST(0x00012FDA00000000 AS DateTime), N'DWI\rrapo', CAST(0x0438A79026A13A0B00 AS DateTime2), NULL, NULL)
INSERT [dbo].[Koulutusala] ([KoulutusalaID], [Koodi], [Nimi], [Alkamispaivmaara], [Paattymispaivamaara], [Luoja], [Luontipaivamaara], [Paivittaja], [Paivityspaivamaara]) VALUES (14, N'4', N'Muu yleissivistävä koulutus', CAST(0x0000A10300000000 AS DateTime), CAST(0x00012FDA00000000 AS DateTime), N'DWI\rrapo', CAST(0x0456A79026A13A0B00 AS DateTime2), NULL, NULL)
INSERT [dbo].[Koulutusala] ([KoulutusalaID], [Koodi], [Nimi], [Alkamispaivmaara], [Paattymispaivamaara], [Luoja], [Luontipaivamaara], [Paivittaja], [Paivityspaivamaara]) VALUES (15, N'5', N'Maatilatalous', CAST(0x0000A10300000000 AS DateTime), CAST(0x00012FDA00000000 AS DateTime), N'DWI\rrapo', CAST(0x0456A79026A13A0B00 AS DateTime2), NULL, NULL)
INSERT [dbo].[Koulutusala] ([KoulutusalaID], [Koodi], [Nimi], [Alkamispaivmaara], [Paattymispaivamaara], [Luoja], [Luontipaivamaara], [Paivittaja], [Paivityspaivamaara]) VALUES (16, N'6', N'Puutarhatalous', CAST(0x0000A10300000000 AS DateTime), CAST(0x00012FDA00000000 AS DateTime), N'DWI\rrapo', CAST(0x0456A79026A13A0B00 AS DateTime2), NULL, NULL)
INSERT [dbo].[Koulutusala] ([KoulutusalaID], [Koodi], [Nimi], [Alkamispaivmaara], [Paattymispaivamaara], [Luoja], [Luontipaivamaara], [Paivittaja], [Paivityspaivamaara]) VALUES (17, N'8', N'Kalatalous', CAST(0x0000A10300000000 AS DateTime), CAST(0x00012FDA00000000 AS DateTime), N'DWI\rrapo', CAST(0x0456A79026A13A0B00 AS DateTime2), NULL, NULL)
INSERT [dbo].[Koulutusala] ([KoulutusalaID], [Koodi], [Nimi], [Alkamispaivmaara], [Paattymispaivamaara], [Luoja], [Luontipaivamaara], [Paivittaja], [Paivityspaivamaara]) VALUES (18, N'9', N'Muu luonnonvara-ala', CAST(0x0000A10300000000 AS DateTime), CAST(0x00012FDA00000000 AS DateTime), N'DWI\rrapo', CAST(0x0456A79026A13A0B00 AS DateTime2), NULL, NULL)
INSERT [dbo].[Koulutusala] ([KoulutusalaID], [Koodi], [Nimi], [Alkamispaivmaara], [Paattymispaivamaara], [Luoja], [Luontipaivamaara], [Paivittaja], [Paivityspaivamaara]) VALUES (19, N'10', N'Metsätalous', CAST(0x0000A10300000000 AS DateTime), CAST(0x00012FDA00000000 AS DateTime), N'DWI\rrapo', CAST(0x047EA79026A13A0B00 AS DateTime2), NULL, NULL)
INSERT [dbo].[Koulutusala] ([KoulutusalaID], [Koodi], [Nimi], [Alkamispaivmaara], [Paattymispaivamaara], [Luoja], [Luontipaivamaara], [Paivittaja], [Paivityspaivamaara]) VALUES (20, N'12', N'Käsi- ja taideteollisuusala', CAST(0x0000A10300000000 AS DateTime), CAST(0x00012FDA00000000 AS DateTime), N'DWI\rrapo', CAST(0x047EA79026A13A0B00 AS DateTime2), NULL, NULL)
INSERT [dbo].[Koulutusala] ([KoulutusalaID], [Koodi], [Nimi], [Alkamispaivmaara], [Paattymispaivamaara], [Luoja], [Luontipaivamaara], [Paivittaja], [Paivityspaivamaara]) VALUES (21, N'13', N'Viestintä- ja kuvataideala', CAST(0x0000A10300000000 AS DateTime), CAST(0x00012FDA00000000 AS DateTime), N'DWI\rrapo', CAST(0x047EA79026A13A0B00 AS DateTime2), NULL, NULL)
INSERT [dbo].[Koulutusala] ([KoulutusalaID], [Koodi], [Nimi], [Alkamispaivmaara], [Paattymispaivamaara], [Luoja], [Luontipaivamaara], [Paivittaja], [Paivityspaivamaara]) VALUES (22, N'17', N'Graafinen ala', CAST(0x0000A10300000000 AS DateTime), CAST(0x00012FDA00000000 AS DateTime), N'DWI\rrapo', CAST(0x047EA79026A13A0B00 AS DateTime2), NULL, NULL)
INSERT [dbo].[Koulutusala] ([KoulutusalaID], [Koodi], [Nimi], [Alkamispaivmaara], [Paattymispaivamaara], [Luoja], [Luontipaivamaara], [Paivittaja], [Paivityspaivamaara]) VALUES (23, N'18', N'LVI-ala', CAST(0x0000A10300000000 AS DateTime), CAST(0x00012FDA00000000 AS DateTime), N'DWI\rrapo', CAST(0x047EA79026A13A0B00 AS DateTime2), NULL, NULL)
INSERT [dbo].[Koulutusala] ([KoulutusalaID], [Koodi], [Nimi], [Alkamispaivmaara], [Paattymispaivamaara], [Luoja], [Luontipaivamaara], [Paivittaja], [Paivityspaivamaara]) VALUES (24, N'19', N'Kone- ja metalliala', CAST(0x0000A10300000000 AS DateTime), CAST(0x00012FDA00000000 AS DateTime), N'DWI\rrapo', CAST(0x047EA79026A13A0B00 AS DateTime2), NULL, NULL)
INSERT [dbo].[Koulutusala] ([KoulutusalaID], [Koodi], [Nimi], [Alkamispaivmaara], [Paattymispaivamaara], [Luoja], [Luontipaivamaara], [Paivittaja], [Paivityspaivamaara]) VALUES (25, N'20', N'Auto- ja kuljetusala', CAST(0x0000A10300000000 AS DateTime), CAST(0x00012FDA00000000 AS DateTime), N'DWI\rrapo', CAST(0x047EA79026A13A0B00 AS DateTime2), NULL, NULL)
INSERT [dbo].[Koulutusala] ([KoulutusalaID], [Koodi], [Nimi], [Alkamispaivmaara], [Paattymispaivamaara], [Luoja], [Luontipaivamaara], [Paivittaja], [Paivityspaivamaara]) VALUES (26, N'21', N'Tekstiili- ja vaatetusala', CAST(0x0000A10300000000 AS DateTime), CAST(0x00012FDA00000000 AS DateTime), N'DWI\rrapo', CAST(0x049CA79026A13A0B00 AS DateTime2), NULL, NULL)
INSERT [dbo].[Koulutusala] ([KoulutusalaID], [Koodi], [Nimi], [Alkamispaivmaara], [Paattymispaivamaara], [Luoja], [Luontipaivamaara], [Paivittaja], [Paivityspaivamaara]) VALUES (27, N'22', N'Elintarvikeala', CAST(0x0000A10300000000 AS DateTime), CAST(0x00012FDA00000000 AS DateTime), N'DWI\rrapo', CAST(0x049CA79026A13A0B00 AS DateTime2), NULL, NULL)
INSERT [dbo].[Koulutusala] ([KoulutusalaID], [Koodi], [Nimi], [Alkamispaivmaara], [Paattymispaivamaara], [Luoja], [Luontipaivamaara], [Paivittaja], [Paivityspaivamaara]) VALUES (28, N'24', N'Sähköala', CAST(0x0000A10300000000 AS DateTime), CAST(0x00012FDA00000000 AS DateTime), N'DWI\rrapo', CAST(0x049CA79026A13A0B00 AS DateTime2), NULL, NULL)
INSERT [dbo].[Koulutusala] ([KoulutusalaID], [Koodi], [Nimi], [Alkamispaivmaara], [Paattymispaivamaara], [Luoja], [Luontipaivamaara], [Paivittaja], [Paivityspaivamaara]) VALUES (29, N'25', N'Maanmittausala', CAST(0x0000A10300000000 AS DateTime), CAST(0x00012FDA00000000 AS DateTime), N'DWI\rrapo', CAST(0x049CA79026A13A0B00 AS DateTime2), NULL, NULL)
INSERT [dbo].[Koulutusala] ([KoulutusalaID], [Koodi], [Nimi], [Alkamispaivmaara], [Paattymispaivamaara], [Luoja], [Luontipaivamaara], [Paivittaja], [Paivityspaivamaara]) VALUES (30, N'26', N'Rakennusala', CAST(0x0000A10300000000 AS DateTime), CAST(0x00012FDA00000000 AS DateTime), N'DWI\rrapo', CAST(0x049CA79026A13A0B00 AS DateTime2), NULL, NULL)
INSERT [dbo].[Koulutusala] ([KoulutusalaID], [Koodi], [Nimi], [Alkamispaivmaara], [Paattymispaivamaara], [Luoja], [Luontipaivamaara], [Paivittaja], [Paivityspaivamaara]) VALUES (31, N'27', N'Puuala', CAST(0x0000A10300000000 AS DateTime), CAST(0x00012FDA00000000 AS DateTime), N'DWI\rrapo', CAST(0x049CA79026A13A0B00 AS DateTime2), NULL, NULL)
INSERT [dbo].[Koulutusala] ([KoulutusalaID], [Koodi], [Nimi], [Alkamispaivmaara], [Paattymispaivamaara], [Luoja], [Luontipaivamaara], [Paivittaja], [Paivityspaivamaara]) VALUES (32, N'28', N'Pintakäsittelyala', CAST(0x0000A10300000000 AS DateTime), CAST(0x00012FDA00000000 AS DateTime), N'DWI\rrapo', CAST(0x049CA79026A13A0B00 AS DateTime2), NULL, NULL)
INSERT [dbo].[Koulutusala] ([KoulutusalaID], [Koodi], [Nimi], [Alkamispaivmaara], [Paattymispaivamaara], [Luoja], [Luontipaivamaara], [Paivittaja], [Paivityspaivamaara]) VALUES (33, N'29', N'Paperi- ja kemianteollisuuden ala', CAST(0x0000A10300000000 AS DateTime), CAST(0x00012FDA00000000 AS DateTime), N'DWI\rrapo', CAST(0x049CA79026A13A0B00 AS DateTime2), NULL, NULL)
INSERT [dbo].[Koulutusala] ([KoulutusalaID], [Koodi], [Nimi], [Alkamispaivmaara], [Paattymispaivamaara], [Luoja], [Luontipaivamaara], [Paivittaja], [Paivityspaivamaara]) VALUES (34, N'31', N'Hotelli-, ravintola- ja suurtalousala', CAST(0x0000A10300000000 AS DateTime), CAST(0x00012FDA00000000 AS DateTime), N'DWI\rrapo', CAST(0x049CA79026A13A0B00 AS DateTime2), NULL, NULL)
INSERT [dbo].[Koulutusala] ([KoulutusalaID], [Koodi], [Nimi], [Alkamispaivmaara], [Paattymispaivamaara], [Luoja], [Luontipaivamaara], [Paivittaja], [Paivityspaivamaara]) VALUES (35, N'32', N'Koti-, laitostalous- ja puhdistuspalveluala', CAST(0x0000A10300000000 AS DateTime), CAST(0x00012FDA00000000 AS DateTime), N'DWI\rrapo', CAST(0x04BAA79026A13A0B00 AS DateTime2), NULL, NULL)
INSERT [dbo].[Koulutusala] ([KoulutusalaID], [Koodi], [Nimi], [Alkamispaivmaara], [Paattymispaivamaara], [Luoja], [Luontipaivamaara], [Paivittaja], [Paivityspaivamaara]) VALUES (36, N'37', N'Merenkulkuala', CAST(0x0000A10300000000 AS DateTime), CAST(0x00012FDA00000000 AS DateTime), N'DWI\rrapo', CAST(0x04BAA79026A13A0B00 AS DateTime2), NULL, NULL)
INSERT [dbo].[Koulutusala] ([KoulutusalaID], [Koodi], [Nimi], [Alkamispaivmaara], [Paattymispaivamaara], [Luoja], [Luontipaivamaara], [Paivittaja], [Paivityspaivamaara]) VALUES (37, N'38', N'Muu tekniikka ja liikenne', CAST(0x0000A10300000000 AS DateTime), CAST(0x00012FDA00000000 AS DateTime), N'DWI\rrapo', CAST(0x04BAA79026A13A0B00 AS DateTime2), NULL, NULL)
INSERT [dbo].[Koulutusala] ([KoulutusalaID], [Koodi], [Nimi], [Alkamispaivmaara], [Paattymispaivamaara], [Luoja], [Luontipaivamaara], [Paivittaja], [Paivityspaivamaara]) VALUES (38, N'40', N'Kaupan ja hallinnon ala', CAST(0x0000A10300000000 AS DateTime), CAST(0x00012FDA00000000 AS DateTime), N'DWI\rrapo', CAST(0x04BAA79026A13A0B00 AS DateTime2), NULL, NULL)
INSERT [dbo].[Koulutusala] ([KoulutusalaID], [Koodi], [Nimi], [Alkamispaivmaara], [Paattymispaivamaara], [Luoja], [Luontipaivamaara], [Paivittaja], [Paivityspaivamaara]) VALUES (39, N'44', N'Sosiaali- ja terveysala', CAST(0x0000A10300000000 AS DateTime), CAST(0x00012FDA00000000 AS DateTime), N'DWI\rrapo', CAST(0x04BAA79026A13A0B00 AS DateTime2), NULL, NULL)
INSERT [dbo].[Koulutusala] ([KoulutusalaID], [Koodi], [Nimi], [Alkamispaivmaara], [Paattymispaivamaara], [Luoja], [Luontipaivamaara], [Paivittaja], [Paivityspaivamaara]) VALUES (40, N'45', N'Kauneudenhoitoala', CAST(0x0000A10300000000 AS DateTime), CAST(0x00012FDA00000000 AS DateTime), N'DWI\rrapo', CAST(0x04BAA79026A13A0B00 AS DateTime2), NULL, NULL)
INSERT [dbo].[Koulutusala] ([KoulutusalaID], [Koodi], [Nimi], [Alkamispaivmaara], [Paattymispaivamaara], [Luoja], [Luontipaivamaara], [Paivittaja], [Paivityspaivamaara]) VALUES (41, N'55', N'Muu suojeluala', CAST(0x0000A10300000000 AS DateTime), CAST(0x00012FDA00000000 AS DateTime), N'DWI\rrapo', CAST(0x04BAA79026A13A0B00 AS DateTime2), NULL, NULL)
INSERT [dbo].[Koulutusala] ([KoulutusalaID], [Koodi], [Nimi], [Alkamispaivmaara], [Paattymispaivamaara], [Luoja], [Luontipaivamaara], [Paivittaja], [Paivityspaivamaara]) VALUES (42, N'56', N'Tietoliikenne', CAST(0x0000A10300000000 AS DateTime), CAST(0x00012FDA00000000 AS DateTime), N'DWI\rrapo', CAST(0x04E2A79026A13A0B00 AS DateTime2), NULL, NULL)
INSERT [dbo].[Koulutusala] ([KoulutusalaID], [Koodi], [Nimi], [Alkamispaivmaara], [Paattymispaivamaara], [Luoja], [Luontipaivamaara], [Paivittaja], [Paivityspaivamaara]) VALUES (43, N'57', N'Lentoliikenne', CAST(0x0000A10300000000 AS DateTime), CAST(0x00012FDA00000000 AS DateTime), N'DWI\rrapo', CAST(0x04E2A79026A13A0B00 AS DateTime2), NULL, NULL)
INSERT [dbo].[Koulutusala] ([KoulutusalaID], [Koodi], [Nimi], [Alkamispaivmaara], [Paattymispaivamaara], [Luoja], [Luontipaivamaara], [Paivittaja], [Paivityspaivamaara]) VALUES (44, N'58', N'Sotilas- ja rajavartiokoulutus', CAST(0x0000A10300000000 AS DateTime), CAST(0x00012FDA00000000 AS DateTime), N'DWI\rrapo', CAST(0x04E2A79026A13A0B00 AS DateTime2), NULL, NULL)
INSERT [dbo].[Koulutusala] ([KoulutusalaID], [Koodi], [Nimi], [Alkamispaivmaara], [Paattymispaivamaara], [Luoja], [Luontipaivamaara], [Paivittaja], [Paivityspaivamaara]) VALUES (45, N'59', N'Palokoulutus', CAST(0x0000A10300000000 AS DateTime), CAST(0x00012FDA00000000 AS DateTime), N'DWI\rrapo', CAST(0x04E2A79026A13A0B00 AS DateTime2), NULL, NULL)
INSERT [dbo].[Koulutusala] ([KoulutusalaID], [Koodi], [Nimi], [Alkamispaivmaara], [Paattymispaivamaara], [Luoja], [Luontipaivamaara], [Paivittaja], [Paivityspaivamaara]) VALUES (46, N'60', N'Poliisikoulutus', CAST(0x0000A10300000000 AS DateTime), CAST(0x00012FDA00000000 AS DateTime), N'DWI\rrapo', CAST(0x04E2A79026A13A0B00 AS DateTime2), NULL, NULL)
INSERT [dbo].[Koulutusala] ([KoulutusalaID], [Koodi], [Nimi], [Alkamispaivmaara], [Paattymispaivamaara], [Luoja], [Luontipaivamaara], [Paivittaja], [Paivityspaivamaara]) VALUES (47, N'61', N'Vankeinhoito', CAST(0x0000A10300000000 AS DateTime), CAST(0x00012FDA00000000 AS DateTime), N'DWI\rrapo', CAST(0x04E2A79026A13A0B00 AS DateTime2), NULL, NULL)
INSERT [dbo].[Koulutusala] ([KoulutusalaID], [Koodi], [Nimi], [Alkamispaivmaara], [Paattymispaivamaara], [Luoja], [Luontipaivamaara], [Paivittaja], [Paivityspaivamaara]) VALUES (48, N'63', N'Vapaa-ajan toiminta', CAST(0x0000A10300000000 AS DateTime), CAST(0x00012FDA00000000 AS DateTime), N'DWI\rrapo', CAST(0x04E2A79026A13A0B00 AS DateTime2), NULL, NULL)
INSERT [dbo].[Koulutusala] ([KoulutusalaID], [Koodi], [Nimi], [Alkamispaivmaara], [Paattymispaivamaara], [Luoja], [Luontipaivamaara], [Paivittaja], [Paivityspaivamaara]) VALUES (49, N'64', N'Musiikkiala', CAST(0x0000A10300000000 AS DateTime), CAST(0x00012FDA00000000 AS DateTime), N'DWI\rrapo', CAST(0x04E2A79026A13A0B00 AS DateTime2), NULL, NULL)
INSERT [dbo].[Koulutusala] ([KoulutusalaID], [Koodi], [Nimi], [Alkamispaivmaara], [Paattymispaivamaara], [Luoja], [Luontipaivamaara], [Paivittaja], [Paivityspaivamaara]) VALUES (50, N'65', N'Teatteri- ja tanssiala', CAST(0x0000A10300000000 AS DateTime), CAST(0x00012FDA00000000 AS DateTime), N'DWI\rrapo', CAST(0x0400A89026A13A0B00 AS DateTime2), NULL, NULL)
INSERT [dbo].[Koulutusala] ([KoulutusalaID], [Koodi], [Nimi], [Alkamispaivmaara], [Paattymispaivamaara], [Luoja], [Luontipaivamaara], [Paivittaja], [Paivityspaivamaara]) VALUES (51, N'66', N'Liikunta-ala', CAST(0x0000A10300000000 AS DateTime), CAST(0x00012FDA00000000 AS DateTime), N'DWI\rrapo', CAST(0x0400A89026A13A0B00 AS DateTime2), NULL, NULL)
INSERT [dbo].[Koulutusala] ([KoulutusalaID], [Koodi], [Nimi], [Alkamispaivmaara], [Paattymispaivamaara], [Luoja], [Luontipaivamaara], [Paivittaja], [Paivityspaivamaara]) VALUES (52, N'75', N'Teologinen koulutus', CAST(0x0000A10300000000 AS DateTime), CAST(0x00012FDA00000000 AS DateTime), N'DWI\rrapo', CAST(0x0400A89026A13A0B00 AS DateTime2), NULL, NULL)
INSERT [dbo].[Koulutusala] ([KoulutusalaID], [Koodi], [Nimi], [Alkamispaivmaara], [Paattymispaivamaara], [Luoja], [Luontipaivamaara], [Paivittaja], [Paivityspaivamaara]) VALUES (53, N'76', N'Humanistinen koulutus', CAST(0x0000A10300000000 AS DateTime), CAST(0x00012FDA00000000 AS DateTime), N'DWI\rrapo', CAST(0x0400A89026A13A0B00 AS DateTime2), NULL, NULL)
INSERT [dbo].[Koulutusala] ([KoulutusalaID], [Koodi], [Nimi], [Alkamispaivmaara], [Paattymispaivamaara], [Luoja], [Luontipaivamaara], [Paivittaja], [Paivityspaivamaara]) VALUES (54, N'77', N'Taideteollinen koulutus', CAST(0x0000A10300000000 AS DateTime), CAST(0x00012FDA00000000 AS DateTime), N'DWI\rrapo', CAST(0x0400A89026A13A0B00 AS DateTime2), NULL, NULL)
INSERT [dbo].[Koulutusala] ([KoulutusalaID], [Koodi], [Nimi], [Alkamispaivmaara], [Paattymispaivamaara], [Luoja], [Luontipaivamaara], [Paivittaja], [Paivityspaivamaara]) VALUES (55, N'78', N'Musiikkialan koulutus (yliopistot)', CAST(0x0000A10300000000 AS DateTime), CAST(0x00012FDA00000000 AS DateTime), N'DWI\rrapo', CAST(0x0400A89026A13A0B00 AS DateTime2), NULL, NULL)
INSERT [dbo].[Koulutusala] ([KoulutusalaID], [Koodi], [Nimi], [Alkamispaivmaara], [Paattymispaivamaara], [Luoja], [Luontipaivamaara], [Paivittaja], [Paivityspaivamaara]) VALUES (56, N'79', N'Teatteri- ja tanssialan koulutus (yliopistot)', CAST(0x0000A10300000000 AS DateTime), CAST(0x00012FDA00000000 AS DateTime), N'DWI\rrapo', CAST(0x0400A89026A13A0B00 AS DateTime2), NULL, NULL)
INSERT [dbo].[Koulutusala] ([KoulutusalaID], [Koodi], [Nimi], [Alkamispaivmaara], [Paattymispaivamaara], [Luoja], [Luontipaivamaara], [Paivittaja], [Paivityspaivamaara]) VALUES (57, N'80', N'Kasvatustieteellinen koulutus', CAST(0x0000A10300000000 AS DateTime), CAST(0x00012FDA00000000 AS DateTime), N'DWI\rrapo', CAST(0x0400A89026A13A0B00 AS DateTime2), NULL, NULL)
INSERT [dbo].[Koulutusala] ([KoulutusalaID], [Koodi], [Nimi], [Alkamispaivmaara], [Paattymispaivamaara], [Luoja], [Luontipaivamaara], [Paivittaja], [Paivityspaivamaara]) VALUES (58, N'81', N'Liikuntatieteellinen koulutus', CAST(0x0000A10300000000 AS DateTime), CAST(0x00012FDA00000000 AS DateTime), N'DWI\rrapo', CAST(0x0400A89026A13A0B00 AS DateTime2), NULL, NULL)
INSERT [dbo].[Koulutusala] ([KoulutusalaID], [Koodi], [Nimi], [Alkamispaivmaara], [Paattymispaivamaara], [Luoja], [Luontipaivamaara], [Paivittaja], [Paivityspaivamaara]) VALUES (59, N'82', N'Yhteiskuntatieteellinen koulutus', CAST(0x0000A10300000000 AS DateTime), CAST(0x00012FDA00000000 AS DateTime), N'DWI\rrapo', CAST(0x0400A89026A13A0B00 AS DateTime2), NULL, NULL)
INSERT [dbo].[Koulutusala] ([KoulutusalaID], [Koodi], [Nimi], [Alkamispaivmaara], [Paattymispaivamaara], [Luoja], [Luontipaivamaara], [Paivittaja], [Paivityspaivamaara]) VALUES (60, N'83', N'Psykologian koulutus', CAST(0x0000A10300000000 AS DateTime), CAST(0x00012FDA00000000 AS DateTime), N'DWI\rrapo', CAST(0x0400A89026A13A0B00 AS DateTime2), NULL, NULL)
INSERT [dbo].[Koulutusala] ([KoulutusalaID], [Koodi], [Nimi], [Alkamispaivmaara], [Paattymispaivamaara], [Luoja], [Luontipaivamaara], [Paivittaja], [Paivityspaivamaara]) VALUES (61, N'84', N'Terveystieteiden koulutus', CAST(0x0000A10300000000 AS DateTime), CAST(0x00012FDA00000000 AS DateTime), N'DWI\rrapo', CAST(0x041EA89026A13A0B00 AS DateTime2), NULL, NULL)
INSERT [dbo].[Koulutusala] ([KoulutusalaID], [Koodi], [Nimi], [Alkamispaivmaara], [Paattymispaivamaara], [Luoja], [Luontipaivamaara], [Paivittaja], [Paivityspaivamaara]) VALUES (62, N'85', N'Oikeustieteellinen koulutus', CAST(0x0000A10300000000 AS DateTime), CAST(0x00012FDA00000000 AS DateTime), N'DWI\rrapo', CAST(0x041EA89026A13A0B00 AS DateTime2), NULL, NULL)
INSERT [dbo].[Koulutusala] ([KoulutusalaID], [Koodi], [Nimi], [Alkamispaivmaara], [Paattymispaivamaara], [Luoja], [Luontipaivamaara], [Paivittaja], [Paivityspaivamaara]) VALUES (63, N'86', N'Kauppatieteellinen koulutus', CAST(0x0000A10300000000 AS DateTime), CAST(0x00012FDA00000000 AS DateTime), N'DWI\rrapo', CAST(0x041EA89026A13A0B00 AS DateTime2), NULL, NULL)
INSERT [dbo].[Koulutusala] ([KoulutusalaID], [Koodi], [Nimi], [Alkamispaivmaara], [Paattymispaivamaara], [Luoja], [Luontipaivamaara], [Paivittaja], [Paivityspaivamaara]) VALUES (64, N'87', N'Luonnontieteellinen koulutus', CAST(0x0000A10300000000 AS DateTime), CAST(0x00012FDA00000000 AS DateTime), N'DWI\rrapo', CAST(0x041EA89026A13A0B00 AS DateTime2), NULL, NULL)
INSERT [dbo].[Koulutusala] ([KoulutusalaID], [Koodi], [Nimi], [Alkamispaivmaara], [Paattymispaivamaara], [Luoja], [Luontipaivamaara], [Paivittaja], [Paivityspaivamaara]) VALUES (65, N'88', N'Maatalous-metsätieteellinen koulutus', CAST(0x0000A10300000000 AS DateTime), CAST(0x00012FDA00000000 AS DateTime), N'DWI\rrapo', CAST(0x041EA89026A13A0B00 AS DateTime2), NULL, NULL)
INSERT [dbo].[Koulutusala] ([KoulutusalaID], [Koodi], [Nimi], [Alkamispaivmaara], [Paattymispaivamaara], [Luoja], [Luontipaivamaara], [Paivittaja], [Paivityspaivamaara]) VALUES (66, N'89', N'Teknillistieteellinen koulutus', CAST(0x0000A10300000000 AS DateTime), CAST(0x00012FDA00000000 AS DateTime), N'DWI\rrapo', CAST(0x041EA89026A13A0B00 AS DateTime2), NULL, NULL)
INSERT [dbo].[Koulutusala] ([KoulutusalaID], [Koodi], [Nimi], [Alkamispaivmaara], [Paattymispaivamaara], [Luoja], [Luontipaivamaara], [Paivittaja], [Paivityspaivamaara]) VALUES (67, N'90', N'Lääketieteellinen koulutus', CAST(0x0000A10300000000 AS DateTime), CAST(0x00012FDA00000000 AS DateTime), N'DWI\rrapo', CAST(0x041EA89026A13A0B00 AS DateTime2), NULL, NULL)
INSERT [dbo].[Koulutusala] ([KoulutusalaID], [Koodi], [Nimi], [Alkamispaivmaara], [Paattymispaivamaara], [Luoja], [Luontipaivamaara], [Paivittaja], [Paivityspaivamaara]) VALUES (68, N'91', N'Hammaslääketieteellinen koulutus', CAST(0x0000A10300000000 AS DateTime), CAST(0x00012FDA00000000 AS DateTime), N'DWI\rrapo', CAST(0x0446A89026A13A0B00 AS DateTime2), NULL, NULL)
INSERT [dbo].[Koulutusala] ([KoulutusalaID], [Koodi], [Nimi], [Alkamispaivmaara], [Paattymispaivamaara], [Luoja], [Luontipaivamaara], [Paivittaja], [Paivityspaivamaara]) VALUES (69, N'92', N'Eläinlääketieteellinen koulutus', CAST(0x0000A10300000000 AS DateTime), CAST(0x00012FDA00000000 AS DateTime), N'DWI\rrapo', CAST(0x0446A89026A13A0B00 AS DateTime2), NULL, NULL)
INSERT [dbo].[Koulutusala] ([KoulutusalaID], [Koodi], [Nimi], [Alkamispaivmaara], [Paattymispaivamaara], [Luoja], [Luontipaivamaara], [Paivittaja], [Paivityspaivamaara]) VALUES (70, N'93', N'Farmasian koulutus', CAST(0x0000A10300000000 AS DateTime), CAST(0x00012FDA00000000 AS DateTime), N'DWI\rrapo', CAST(0x0446A89026A13A0B00 AS DateTime2), NULL, NULL)
INSERT [dbo].[Koulutusala] ([KoulutusalaID], [Koodi], [Nimi], [Alkamispaivmaara], [Paattymispaivamaara], [Luoja], [Luontipaivamaara], [Paivittaja], [Paivityspaivamaara]) VALUES (71, N'94', N'Kuvataidealan koulutus (yliopistot)', CAST(0x0000A10300000000 AS DateTime), CAST(0x00012FDA00000000 AS DateTime), N'DWI\rrapo', CAST(0x0446A89026A13A0B00 AS DateTime2), NULL, NULL)
INSERT [dbo].[Koulutusala] ([KoulutusalaID], [Koodi], [Nimi], [Alkamispaivmaara], [Paattymispaivamaara], [Luoja], [Luontipaivamaara], [Paivittaja], [Paivityspaivamaara]) VALUES (72, N'99', N'Muu tai tuntematon opintoala', CAST(0x0000A10300000000 AS DateTime), CAST(0x00012FDA00000000 AS DateTime), N'DWI\rrapo', CAST(0x0446A89026A13A0B00 AS DateTime2), NULL, NULL)
SET IDENTITY_INSERT [dbo].[Koulutusala] OFF
SET IDENTITY_INSERT [dbo].[Organisaatio] ON

INSERT [dbo].[Organisaatio] ([OrgID], [OrgTunnus], [Nimi], [Tyyppi], [Luoja], [Luontipaivamaara], [Paivittaja], [Paivityspaivamaara]) VALUES (56, N'31313', N'1', NULL, N'DWI\rrapo', CAST(0x042C02821DBB3A0B00 AS DateTime2), NULL, NULL)
INSERT [dbo].[Organisaatio] ([OrgID], [OrgTunnus], [Nimi], [Tyyppi], [Luoja], [Luontipaivamaara], [Paivittaja], [Paivityspaivamaara]) VALUES (57, N'RE01', N'1', NULL, N'DWI\rrapo', CAST(0x042C02821DBB3A0B00 AS DateTime2), NULL, NULL)
INSERT [dbo].[Organisaatio] ([OrgID], [OrgTunnus], [Nimi], [Tyyppi], [Luoja], [Luontipaivamaara], [Paivittaja], [Paivityspaivamaara]) VALUES (58, N'2371', N'2', NULL, N'DWI\rrapo', CAST(0x042C02821DBB3A0B00 AS DateTime2), NULL, NULL)
SET IDENTITY_INSERT [dbo].[Organisaatio] OFF
SET IDENTITY_INSERT [dbo].[Julkaisut] ON

INSERT [dbo].[Julkaisut] ([JulkaisuID], [JulkaisunTunnus], [JulkaisunTila], [JulkaisuTyyppi], [IlmoitusVuosi], [OrgID], [JulkaisuVuosi], [JulkaisunNimi], [Tekijatiedot], [TekijoidenLkm], [Sivunumero], [Artikkelinumero], [ISBN], [Volyymi], [LehdenNumero], [Kustannuspaikka], [EmojulkaisunNimi], [EmojulkaisunToimittajat], [YhteisjulkaisuKV], [YhteisjulkaisuSHP], [YhteisjulkaisuTutkimuslaitos], [YhteisjulkaisuMuu], [JulkaisunKansainvalisyys], [AvoinSaatavuusKoodi], [EVOjulkaisu], [DOI], [PysyvaOsoite], [LahdetietokannanTunnus], [JulkaisunOrgTunnus], [JufoTunnus], [JufoLuokka], [Julkaisumaa], [LehdenNimi], [ISSN], [KonferenssinNimi], [KustantajanNimi], [JulkaisunKieli], [Luoja], [Luontipaivamaara], [Paivittaja], [Paivityspaivamaara]) VALUES (755289, N'31313:RE08:2014', NULL, N'D1', 2014, 56, 2014, N'Alkoholin riskikäytön tunnistaminen ja mini-interventio', N'Aalto, Mauri; Seppä, Kaija', NULL, N'25-29', NULL, NULL, N'28', N'2', N'Helsinki', NULL, NULL, 0, 0, 0, 0, 0, 1, 0, NULL, N'http://www.terveysportti.fi/dtk/shk/avaa?p_artikkeli=ttl00733', NULL, N'RE08', N'76622', NULL, N'246', N'Työterveyslääkäri', N'0780-2218', NULL, N'Suomen työterveyslääkäriyhdistys ry', N'fi', N'DWI\rrapo', CAST(0x045E07821DBB3A0B00 AS DateTime2), NULL, NULL)
INSERT [dbo].[Julkaisut] ([JulkaisuID], [JulkaisunTunnus], [JulkaisunTila], [JulkaisuTyyppi], [IlmoitusVuosi], [OrgID], [JulkaisuVuosi], [JulkaisunNimi], [Tekijatiedot], [TekijoidenLkm], [Sivunumero], [Artikkelinumero], [ISBN], [Volyymi], [LehdenNumero], [Kustannuspaikka], [EmojulkaisunNimi], [EmojulkaisunToimittajat], [YhteisjulkaisuKV], [YhteisjulkaisuSHP], [YhteisjulkaisuTutkimuslaitos], [YhteisjulkaisuMuu], [JulkaisunKansainvalisyys], [AvoinSaatavuusKoodi], [EVOjulkaisu], [DOI], [PysyvaOsoite], [LahdetietokannanTunnus], [JulkaisunOrgTunnus], [JufoTunnus], [JufoLuokka], [Julkaisumaa], [LehdenNimi], [ISSN], [KonferenssinNimi], [KustantajanNimi], [JulkaisunKieli], [Luoja], [Luontipaivamaara], [Paivittaja], [Paivityspaivamaara]) VALUES (755290, N'31313:RE02:2014', NULL, N'A1', 2014, 56, 2014, N'19q13 amplification is associated with high grade and stage in pancreatic cancer', N'Kuuselo, Riina; Simon, Ronald; Karhu, Ritva; Tennstedt, Pierre; Marx, Andreas H.; Izbicki, Jakob R.; Yekebas, Emre; Sauter, Guido; Kallioniemi, Anne', NULL, N'569-575', NULL, NULL, N'49', N'6', NULL, NULL, NULL, 1, 0, 0, 0, 1, 2, 1, N'10.1002/gcc.20767', N'http://onlinelibrary.wiley.com/doi/10.1002/gcc.20767/abstract', NULL, N'RE02', N'56446', NULL, N'826', N'Genes, Chromosomes & Cancer', N'1045-2257', NULL, NULL, N'en', N'DWI\rrapo', CAST(0x045E07821DBB3A0B00 AS DateTime2), NULL, NULL)
INSERT [dbo].[Julkaisut] ([JulkaisuID], [JulkaisunTunnus], [JulkaisunTila], [JulkaisuTyyppi], [IlmoitusVuosi], [OrgID], [JulkaisuVuosi], [JulkaisunNimi], [Tekijatiedot], [TekijoidenLkm], [Sivunumero], [Artikkelinumero], [ISBN], [Volyymi], [LehdenNumero], [Kustannuspaikka], [EmojulkaisunNimi], [EmojulkaisunToimittajat], [YhteisjulkaisuKV], [YhteisjulkaisuSHP], [YhteisjulkaisuTutkimuslaitos], [YhteisjulkaisuMuu], [JulkaisunKansainvalisyys], [AvoinSaatavuusKoodi], [EVOjulkaisu], [DOI], [PysyvaOsoite], [LahdetietokannanTunnus], [JulkaisunOrgTunnus], [JufoTunnus], [JufoLuokka], [Julkaisumaa], [LehdenNimi], [ISSN], [KonferenssinNimi], [KustantajanNimi], [JulkaisunKieli], [Luoja], [Luontipaivamaara], [Paivittaja], [Paivityspaivamaara]) VALUES (755291, N'31313:3123555:2014', NULL, N'B3', 2014, 56, 2014, N'Characterization of winter aerosols in the Helsinki region by TEM/EDX individual particle analysis', N'Virtanen, Pekka; Hiltunen, Mika', NULL, NULL, NULL, NULL, NULL, NULL, NULL, N'EAC 2013, European Aerosol Conference, 1-6 September 2013, Prague, Czech Republic', NULL, 0, 0, 0, 1, 0, 0, 0, NULL, NULL, NULL, N'3123555', N'73476', NULL, N'203', N'European Aerosol Conference', NULL, N'European aerosol conference', NULL, N'en', N'DWI\rrapo', CAST(0x045E07821DBB3A0B00 AS DateTime2), NULL, NULL)
INSERT [dbo].[Julkaisut] ([JulkaisuID], [JulkaisunTunnus], [JulkaisunTila], [JulkaisuTyyppi], [IlmoitusVuosi], [OrgID], [JulkaisuVuosi], [JulkaisunNimi], [Tekijatiedot], [TekijoidenLkm], [Sivunumero], [Artikkelinumero], [ISBN], [Volyymi], [LehdenNumero], [Kustannuspaikka], [EmojulkaisunNimi], [EmojulkaisunToimittajat], [YhteisjulkaisuKV], [YhteisjulkaisuSHP], [YhteisjulkaisuTutkimuslaitos], [YhteisjulkaisuMuu], [JulkaisunKansainvalisyys], [AvoinSaatavuusKoodi], [EVOjulkaisu], [DOI], [PysyvaOsoite], [LahdetietokannanTunnus], [JulkaisunOrgTunnus], [JufoTunnus], [JufoLuokka], [Julkaisumaa], [LehdenNimi], [ISSN], [KonferenssinNimi], [KustantajanNimi], [JulkaisunKieli], [Luoja], [Luontipaivamaara], [Paivittaja], [Paivityspaivamaara]) VALUES (755292, N'31313:RE07:2014', NULL, N'C1', 2014, 56, 2014, N'Daisy-äänioppikirjat opiskelun tukena. Selvitys äänioppikirjojen käytöstä ja mahdollisuuksista perusopetuksen oppilaiden opetuksessa Suomessa', N'Aaltonen, Jens', NULL, NULL, NULL, N'978-952-61-1328-9', NULL, NULL, NULL, NULL, NULL, 0, 0, 0, 0, 0, 2, 0, NULL, NULL, NULL, N'RE07', N'65772', NULL, NULL, N'Publications of the University of Eastern Finland. Reports and Studies in Education, Humanities, and Theology.', N'1798-5641', NULL, N'Itä-Suomen yliopisto', N'fi', N'DWI\rrapo', CAST(0x045E07821DBB3A0B00 AS DateTime2), NULL, NULL)
INSERT [dbo].[Julkaisut] ([JulkaisuID], [JulkaisunTunnus], [JulkaisunTila], [JulkaisuTyyppi], [IlmoitusVuosi], [OrgID], [JulkaisuVuosi], [JulkaisunNimi], [Tekijatiedot], [TekijoidenLkm], [Sivunumero], [Artikkelinumero], [ISBN], [Volyymi], [LehdenNumero], [Kustannuspaikka], [EmojulkaisunNimi], [EmojulkaisunToimittajat], [YhteisjulkaisuKV], [YhteisjulkaisuSHP], [YhteisjulkaisuTutkimuslaitos], [YhteisjulkaisuMuu], [JulkaisunKansainvalisyys], [AvoinSaatavuusKoodi], [EVOjulkaisu], [DOI], [PysyvaOsoite], [LahdetietokannanTunnus], [JulkaisunOrgTunnus], [JufoTunnus], [JufoLuokka], [Julkaisumaa], [LehdenNimi], [ISSN], [KonferenssinNimi], [KustantajanNimi], [JulkaisunKieli], [Luoja], [Luontipaivamaara], [Paivittaja], [Paivityspaivamaara]) VALUES (755293, N'31313:RE04:2014', NULL, N'A1', 2014, 56, 2014, N'Virtual proximity and facial expressions of computer agents regulate human emotions and attention', N'Vanhala, Toni; Surakka, Veikko; Siirtola, Harri;  R??ih??, Kari-Jouko', NULL, N'215-224', NULL, NULL, N'21', N'5', NULL, NULL, NULL, 0, 0, 0, 0, 0, 2, 0, N'10.1002/cav.366', N'http://onlinelibrary.wiley.com/doi/10.1002/cav.366/abstract', NULL, N'RE04', N'53921', NULL, NULL, N'Computer Animation and Virtual Worlds', N'1546-4261', NULL, NULL, N'en', N'DWI\rrapo', CAST(0x045E07821DBB3A0B00 AS DateTime2), NULL, NULL)
INSERT [dbo].[Julkaisut] ([JulkaisuID], [JulkaisunTunnus], [JulkaisunTila], [JulkaisuTyyppi], [IlmoitusVuosi], [OrgID], [JulkaisuVuosi], [JulkaisunNimi], [Tekijatiedot], [TekijoidenLkm], [Sivunumero], [Artikkelinumero], [ISBN], [Volyymi], [LehdenNumero], [Kustannuspaikka], [EmojulkaisunNimi], [EmojulkaisunToimittajat], [YhteisjulkaisuKV], [YhteisjulkaisuSHP], [YhteisjulkaisuTutkimuslaitos], [YhteisjulkaisuMuu], [JulkaisunKansainvalisyys], [AvoinSaatavuusKoodi], [EVOjulkaisu], [DOI], [PysyvaOsoite], [LahdetietokannanTunnus], [JulkaisunOrgTunnus], [JufoTunnus], [JufoLuokka], [Julkaisumaa], [LehdenNimi], [ISSN], [KonferenssinNimi], [KustantajanNimi], [JulkaisunKieli], [Luoja], [Luontipaivamaara], [Paivittaja], [Paivityspaivamaara]) VALUES (755294, N'31313:RE10:2014', NULL, N'E1', 2014, 56, 2014, N'Fennovoima tarvitsee Eurajokea', N'Kojo, Matti', NULL, N'2', NULL, NULL, N'130', N'347', NULL, NULL, NULL, 0, 0, 0, 0, 0, 0, 0, NULL, NULL, NULL, N'RE10', NULL, NULL, N'246', N'Aamulehti', N'0355-6913', NULL, NULL, N'fi', N'DWI\rrapo', CAST(0x045E07821DBB3A0B00 AS DateTime2), NULL, NULL)
INSERT [dbo].[Julkaisut] ([JulkaisuID], [JulkaisunTunnus], [JulkaisunTila], [JulkaisuTyyppi], [IlmoitusVuosi], [OrgID], [JulkaisuVuosi], [JulkaisunNimi], [Tekijatiedot], [TekijoidenLkm], [Sivunumero], [Artikkelinumero], [ISBN], [Volyymi], [LehdenNumero], [Kustannuspaikka], [EmojulkaisunNimi], [EmojulkaisunToimittajat], [YhteisjulkaisuKV], [YhteisjulkaisuSHP], [YhteisjulkaisuTutkimuslaitos], [YhteisjulkaisuMuu], [JulkaisunKansainvalisyys], [AvoinSaatavuusKoodi], [EVOjulkaisu], [DOI], [PysyvaOsoite], [LahdetietokannanTunnus], [JulkaisunOrgTunnus], [JufoTunnus], [JufoLuokka], [Julkaisumaa], [LehdenNimi], [ISSN], [KonferenssinNimi], [KustantajanNimi], [JulkaisunKieli], [Luoja], [Luontipaivamaara], [Paivittaja], [Paivityspaivamaara]) VALUES (755295, N'31313:RE11:2014', NULL, N'G4', 2014, 56, 2014, N'Rooman valtakunnan nousu ja tuho', N'Meikäläinen, Matti', NULL, NULL, NULL, NULL, NULL, NULL, NULL, NULL, NULL, 0, 0, 0, 0, 0, 1, 0, NULL, NULL, NULL, N'RE11', NULL, NULL, N'246', N'Yliopiston X julkaisuja', NULL, NULL, N'Yliopisto X', N'fi', N'DWI\rrapo', CAST(0x045E07821DBB3A0B00 AS DateTime2), NULL, NULL)
INSERT [dbo].[Julkaisut] ([JulkaisuID], [JulkaisunTunnus], [JulkaisunTila], [JulkaisuTyyppi], [IlmoitusVuosi], [OrgID], [JulkaisuVuosi], [JulkaisunNimi], [Tekijatiedot], [TekijoidenLkm], [Sivunumero], [Artikkelinumero], [ISBN], [Volyymi], [LehdenNumero], [Kustannuspaikka], [EmojulkaisunNimi], [EmojulkaisunToimittajat], [YhteisjulkaisuKV], [YhteisjulkaisuSHP], [YhteisjulkaisuTutkimuslaitos], [YhteisjulkaisuMuu], [JulkaisunKansainvalisyys], [AvoinSaatavuusKoodi], [EVOjulkaisu], [DOI], [PysyvaOsoite], [LahdetietokannanTunnus], [JulkaisunOrgTunnus], [JufoTunnus], [JufoLuokka], [Julkaisumaa], [LehdenNimi], [ISSN], [KonferenssinNimi], [KustantajanNimi], [JulkaisunKieli], [Luoja], [Luontipaivamaara], [Paivittaja], [Paivityspaivamaara]) VALUES (755296, N'31313:RE09:2014', NULL, N'D4', 2014, 56, 2014, N'Rakenteet ja toiminnot piilosilla Rakenteellinen kehittäminen tutkimuksen ja koulutuksen huipulta katsottuna', N'Kuoppala, Kari; Näppilä, Timo; Hölttä, Seppo', NULL, NULL, NULL, N'978-952-48-5837-3', NULL, NULL, NULL, N'Yliopistojen rakenteellinen kehittäminen, akateemiset yhteisöt ja muutos', N'Aittola, Helena; Marttila, Liisa', 0, 0, 0, 1, 0, 0, 0, NULL, NULL, NULL, N'RE09', NULL, NULL, NULL, NULL, NULL, NULL, NULL, N'fi', N'DWI\rrapo', CAST(0x045E07821DBB3A0B00 AS DateTime2), NULL, NULL)
INSERT [dbo].[Julkaisut] ([JulkaisuID], [JulkaisunTunnus], [JulkaisunTila], [JulkaisuTyyppi], [IlmoitusVuosi], [OrgID], [JulkaisuVuosi], [JulkaisunNimi], [Tekijatiedot], [TekijoidenLkm], [Sivunumero], [Artikkelinumero], [ISBN], [Volyymi], [LehdenNumero], [Kustannuspaikka], [EmojulkaisunNimi], [EmojulkaisunToimittajat], [YhteisjulkaisuKV], [YhteisjulkaisuSHP], [YhteisjulkaisuTutkimuslaitos], [YhteisjulkaisuMuu], [JulkaisunKansainvalisyys], [AvoinSaatavuusKoodi], [EVOjulkaisu], [DOI], [PysyvaOsoite], [LahdetietokannanTunnus], [JulkaisunOrgTunnus], [JufoTunnus], [JufoLuokka], [Julkaisumaa], [LehdenNimi], [ISSN], [KonferenssinNimi], [KustantajanNimi], [JulkaisunKieli], [Luoja], [Luontipaivamaara], [Paivittaja], [Paivityspaivamaara]) VALUES (755297, N'31313:Re12:2014', NULL, N'G5', 2014, 56, 2014, N'Electrical properties of semiconductors', N'Virtanen, Johannes', NULL, NULL, NULL, NULL, N'5', N'0', NULL, NULL, NULL, 0, 0, 0, 0, 0, 1, 0, NULL, NULL, NULL, N'Re12', NULL, NULL, N'246', N'Yliopiston X fysiikan laitoksen julkaisuja', N'1234-8329', N'0', N'Yliopisto X', N'en', N'DWI\rrapo', CAST(0x045E07821DBB3A0B00 AS DateTime2), NULL, NULL)
INSERT [dbo].[Julkaisut] ([JulkaisuID], [JulkaisunTunnus], [JulkaisunTila], [JulkaisuTyyppi], [IlmoitusVuosi], [OrgID], [JulkaisuVuosi], [JulkaisunNimi], [Tekijatiedot], [TekijoidenLkm], [Sivunumero], [Artikkelinumero], [ISBN], [Volyymi], [LehdenNumero], [Kustannuspaikka], [EmojulkaisunNimi], [EmojulkaisunToimittajat], [YhteisjulkaisuKV], [YhteisjulkaisuSHP], [YhteisjulkaisuTutkimuslaitos], [YhteisjulkaisuMuu], [JulkaisunKansainvalisyys], [AvoinSaatavuusKoodi], [EVOjulkaisu], [DOI], [PysyvaOsoite], [LahdetietokannanTunnus], [JulkaisunOrgTunnus], [JufoTunnus], [JufoLuokka], [Julkaisumaa], [LehdenNimi], [ISSN], [KonferenssinNimi], [KustantajanNimi], [JulkaisunKieli], [Luoja], [Luontipaivamaara], [Paivittaja], [Paivityspaivamaara]) VALUES (755298, N'31313:RE03:2014', NULL, N'A3', 2014, 56, 2014, N'Faith and Religion', N'Kuuselo, Riina; Simon, Ronald; Karhu, Ritva; Tennstedt, Pierre; Marx, Andreas H.; Izbicki, Jakob R.; Yekebas, Emre; Sauter, Guido; Kallioniemi, Anne', NULL, N'133-151', NULL, NULL, NULL, NULL, N'Oxford', N'A Cultural History of Childhood and Family in Antiquity', N'Harlow, Mary; Laurence, Ray', 0, 0, 0, 0, 0, 0, 0, NULL, NULL, NULL, N'RE03', N'5123', NULL, N'826', N'Genes, Chromosomes & Cancer', NULL, NULL, N'Berg Publishers', N'en', N'DWI\rrapo', CAST(0x045E07821DBB3A0B00 AS DateTime2), NULL, NULL)
INSERT [dbo].[Julkaisut] ([JulkaisuID], [JulkaisunTunnus], [JulkaisunTila], [JulkaisuTyyppi], [IlmoitusVuosi], [OrgID], [JulkaisuVuosi], [JulkaisunNimi], [Tekijatiedot], [TekijoidenLkm], [Sivunumero], [Artikkelinumero], [ISBN], [Volyymi], [LehdenNumero], [Kustannuspaikka], [EmojulkaisunNimi], [EmojulkaisunToimittajat], [YhteisjulkaisuKV], [YhteisjulkaisuSHP], [YhteisjulkaisuTutkimuslaitos], [YhteisjulkaisuMuu], [JulkaisunKansainvalisyys], [AvoinSaatavuusKoodi], [EVOjulkaisu], [DOI], [PysyvaOsoite], [LahdetietokannanTunnus], [JulkaisunOrgTunnus], [JufoTunnus], [JufoLuokka], [Julkaisumaa], [LehdenNimi], [ISSN], [KonferenssinNimi], [KustantajanNimi], [JulkaisunKieli], [Luoja], [Luontipaivamaara], [Paivittaja], [Paivityspaivamaara]) VALUES (755299, N'31313:RE05:2014', NULL, N'A1', 2014, 56, 2014, N'Studying the underlying event in Drell-Yan and high transverse momentum jet production at the Tevatron', N'Collaboration TCDF; Aaltonen, T; Adelman, J; Gonzalez, BA; Amerio, S; Amidei, D; Anastassov, A; Annovi, A; Antos, J; Apollinari, G; Apresyan, A; Arisawa, T; Artikov, A ;Asaadi, J; Ashmanskas, W; Attal, A; Aurisano, A; Azfar, F; Badgett, W; Barbaro-Galtieri, A;Barnes, VE; et al', NULL, NULL, 34001, NULL, N'82', N'3', NULL, NULL, NULL, 1, 0, 0, 1, 1, 2, 0, N'10.1103/PhysRevD.82.034001', N'http://dx.doi.org/10.1103/PhysRevD.82.034001', NULL, N'RE05', N'65026', NULL, NULL, N'Physical Review D : Particles, Fields, Gravitation and Cosmology', N'1550-7998', NULL, NULL, N'en', N'DWI\rrapo', CAST(0x045E07821DBB3A0B00 AS DateTime2), NULL, NULL)
INSERT [dbo].[Julkaisut] ([JulkaisuID], [JulkaisunTunnus], [JulkaisunTila], [JulkaisuTyyppi], [IlmoitusVuosi], [OrgID], [JulkaisuVuosi], [JulkaisunNimi], [Tekijatiedot], [TekijoidenLkm], [Sivunumero], [Artikkelinumero], [ISBN], [Volyymi], [LehdenNumero], [Kustannuspaikka], [EmojulkaisunNimi], [EmojulkaisunToimittajat], [YhteisjulkaisuKV], [YhteisjulkaisuSHP], [YhteisjulkaisuTutkimuslaitos], [YhteisjulkaisuMuu], [JulkaisunKansainvalisyys], [AvoinSaatavuusKoodi], [EVOjulkaisu], [DOI], [PysyvaOsoite], [LahdetietokannanTunnus], [JulkaisunOrgTunnus], [JufoTunnus], [JufoLuokka], [Julkaisumaa], [LehdenNimi], [ISSN], [KonferenssinNimi], [KustantajanNimi], [JulkaisunKieli], [Luoja], [Luontipaivamaara], [Paivittaja], [Paivityspaivamaara]) VALUES (755300, N'31313:RE06:2014', NULL, N'A4', 2014, 56, 2014, N'Advanced analysis implementation to integrated fire design', N'Nieminen, Matti', NULL, N'151-174', NULL, N'978-838-93-3351-3', NULL, NULL, N'Poznan', N'20 th International Conference on Computer Methods in Mechanics, Short Papers. CMM-2013, 27-31 August 2013, Poznan, Poland 2013', NULL, 0, 0, 0, 0, 0, 0, 0, NULL, NULL, NULL, N'RE06', N'79374', NULL, N'616', N'International Conference on Computer Methods in Mechanics', NULL, N'International conference on computer methods in mechanics', N'Institute of Structural Engineering, Poznan University of Technology', N'en', N'DWI\rrapo', CAST(0x045E07821DBB3A0B00 AS DateTime2), NULL, NULL)
INSERT [dbo].[Julkaisut] ([JulkaisuID], [JulkaisunTunnus], [JulkaisunTila], [JulkaisuTyyppi], [IlmoitusVuosi], [OrgID], [JulkaisuVuosi], [JulkaisunNimi], [Tekijatiedot], [TekijoidenLkm], [Sivunumero], [Artikkelinumero], [ISBN], [Volyymi], [LehdenNumero], [Kustannuspaikka], [EmojulkaisunNimi], [EmojulkaisunToimittajat], [YhteisjulkaisuKV], [YhteisjulkaisuSHP], [YhteisjulkaisuTutkimuslaitos], [YhteisjulkaisuMuu], [JulkaisunKansainvalisyys], [AvoinSaatavuusKoodi], [EVOjulkaisu], [DOI], [PysyvaOsoite], [LahdetietokannanTunnus], [JulkaisunOrgTunnus], [JufoTunnus], [JufoLuokka], [Julkaisumaa], [LehdenNimi], [ISSN], [KonferenssinNimi], [KustantajanNimi], [JulkaisunKieli], [Luoja], [Luontipaivamaara], [Paivittaja], [Paivityspaivamaara]) VALUES (755301, N'RE01:31232131:2014', 1, N'A1', 2014, 57, 2014, N'19q13 amplification is associated with high grade and stage in pancreatic cancer', N'Kuuselo, Riina; Simon, Ronald; Karhu, Ritva; Tennstedt, Pierre; Marx, Andreas H.; Izbicki, Jakob R.; Yekebas, Emre; Sauter, Guido; Kallioniemi, Anne', NULL, N'569-575', 111, NULL, N'49', N'6', NULL, NULL, NULL, 1, 0, 0, 0, 1, 2, 1, N'10.1002/gcc.20767', N'http://onlinelibrary.wiley.com/doi/10.1002/gcc.20767/abstract', NULL, N'31232131', N'56446', N'1', N'826', N'Genes, Chromosomes & Cancer', N'1045-2257', NULL, NULL, N'en', N'DWI\rrapo', CAST(0x045E07821DBB3A0B00 AS DateTime2), NULL, NULL)
SET IDENTITY_INSERT [dbo].[Julkaisut] OFF
SET IDENTITY_INSERT [dbo].[JulkaisunKoulutusala] ON

INSERT [dbo].[JulkaisunKoulutusala] ([JKoulutusalaID], [JulkaisuID], [KoulutusalaID], [Jnro], [Luoja], [Luontipaivamaara], [Paivittaja], [Paivityspaivamaara]) VALUES (575446, 755289, 67, 1, N'DWI\rrapo', CAST(0x04DE22821DBB3A0B00 AS DateTime2), NULL, NULL)
INSERT [dbo].[JulkaisunKoulutusala] ([JKoulutusalaID], [JulkaisuID], [KoulutusalaID], [Jnro], [Luoja], [Luontipaivamaara], [Paivittaja], [Paivityspaivamaara]) VALUES (575447, 755290, 67, 1, N'DWI\rrapo', CAST(0x04DE22821DBB3A0B00 AS DateTime2), NULL, NULL)
INSERT [dbo].[JulkaisunKoulutusala] ([JKoulutusalaID], [JulkaisuID], [KoulutusalaID], [Jnro], [Luoja], [Luontipaivamaara], [Paivittaja], [Paivityspaivamaara]) VALUES (575448, 755291, 66, 1, N'DWI\rrapo', CAST(0x04DE22821DBB3A0B00 AS DateTime2), NULL, NULL)
INSERT [dbo].[JulkaisunKoulutusala] ([JKoulutusalaID], [JulkaisuID], [KoulutusalaID], [Jnro], [Luoja], [Luontipaivamaara], [Paivittaja], [Paivityspaivamaara]) VALUES (575449, 755292, 57, 1, N'DWI\rrapo', CAST(0x04DE22821DBB3A0B00 AS DateTime2), NULL, NULL)
INSERT [dbo].[JulkaisunKoulutusala] ([JKoulutusalaID], [JulkaisuID], [KoulutusalaID], [Jnro], [Luoja], [Luontipaivamaara], [Paivittaja], [Paivityspaivamaara]) VALUES (575450, 755293, 66, 1, N'DWI\rrapo', CAST(0x04DE22821DBB3A0B00 AS DateTime2), NULL, NULL)
INSERT [dbo].[JulkaisunKoulutusala] ([JKoulutusalaID], [JulkaisuID], [KoulutusalaID], [Jnro], [Luoja], [Luontipaivamaara], [Paivittaja], [Paivityspaivamaara]) VALUES (575451, 755294, 59, 1, N'DWI\rrapo', CAST(0x04DE22821DBB3A0B00 AS DateTime2), NULL, NULL)
INSERT [dbo].[JulkaisunKoulutusala] ([JKoulutusalaID], [JulkaisuID], [KoulutusalaID], [Jnro], [Luoja], [Luontipaivamaara], [Paivittaja], [Paivityspaivamaara]) VALUES (575452, 755295, 59, 1, N'DWI\rrapo', CAST(0x04DE22821DBB3A0B00 AS DateTime2), NULL, NULL)
INSERT [dbo].[JulkaisunKoulutusala] ([JKoulutusalaID], [JulkaisuID], [KoulutusalaID], [Jnro], [Luoja], [Luontipaivamaara], [Paivittaja], [Paivityspaivamaara]) VALUES (575453, 755296, 59, 1, N'DWI\rrapo', CAST(0x04DE22821DBB3A0B00 AS DateTime2), NULL, NULL)
INSERT [dbo].[JulkaisunKoulutusala] ([JKoulutusalaID], [JulkaisuID], [KoulutusalaID], [Jnro], [Luoja], [Luontipaivamaara], [Paivittaja], [Paivityspaivamaara]) VALUES (575454, 755296, 59, 2, N'DWI\rrapo', CAST(0x04DE22821DBB3A0B00 AS DateTime2), NULL, NULL)
INSERT [dbo].[JulkaisunKoulutusala] ([JKoulutusalaID], [JulkaisuID], [KoulutusalaID], [Jnro], [Luoja], [Luontipaivamaara], [Paivittaja], [Paivityspaivamaara]) VALUES (575455, 755297, 66, 1, N'DWI\rrapo', CAST(0x04DE22821DBB3A0B00 AS DateTime2), NULL, NULL)
INSERT [dbo].[JulkaisunKoulutusala] ([JKoulutusalaID], [JulkaisuID], [KoulutusalaID], [Jnro], [Luoja], [Luontipaivamaara], [Paivittaja], [Paivityspaivamaara]) VALUES (575456, 755297, 64, 2, N'DWI\rrapo', CAST(0x04DE22821DBB3A0B00 AS DateTime2), NULL, NULL)
INSERT [dbo].[JulkaisunKoulutusala] ([JKoulutusalaID], [JulkaisuID], [KoulutusalaID], [Jnro], [Luoja], [Luontipaivamaara], [Paivittaja], [Paivityspaivamaara]) VALUES (575457, 755298, 66, 3, N'DWI\rrapo', CAST(0x04DE22821DBB3A0B00 AS DateTime2), NULL, NULL)
INSERT [dbo].[JulkaisunKoulutusala] ([JKoulutusalaID], [JulkaisuID], [KoulutusalaID], [Jnro], [Luoja], [Luontipaivamaara], [Paivittaja], [Paivityspaivamaara]) VALUES (575458, 755298, 53, 1, N'DWI\rrapo', CAST(0x04DE22821DBB3A0B00 AS DateTime2), NULL, NULL)
INSERT [dbo].[JulkaisunKoulutusala] ([JKoulutusalaID], [JulkaisuID], [KoulutusalaID], [Jnro], [Luoja], [Luontipaivamaara], [Paivittaja], [Paivityspaivamaara]) VALUES (575459, 755298, 67, 2, N'DWI\rrapo', CAST(0x04DE22821DBB3A0B00 AS DateTime2), NULL, NULL)
INSERT [dbo].[JulkaisunKoulutusala] ([JKoulutusalaID], [JulkaisuID], [KoulutusalaID], [Jnro], [Luoja], [Luontipaivamaara], [Paivittaja], [Paivityspaivamaara]) VALUES (575460, 755299, 64, 1, N'DWI\rrapo', CAST(0x04DE22821DBB3A0B00 AS DateTime2), NULL, NULL)
INSERT [dbo].[JulkaisunKoulutusala] ([JKoulutusalaID], [JulkaisuID], [KoulutusalaID], [Jnro], [Luoja], [Luontipaivamaara], [Paivittaja], [Paivityspaivamaara]) VALUES (575461, 755300, 66, 1, N'DWI\rrapo', CAST(0x04DE22821DBB3A0B00 AS DateTime2), NULL, NULL)
INSERT [dbo].[JulkaisunKoulutusala] ([JKoulutusalaID], [JulkaisuID], [KoulutusalaID], [Jnro], [Luoja], [Luontipaivamaara], [Paivittaja], [Paivityspaivamaara]) VALUES (575462, 755301, 67, 1, N'DWI\rrapo', CAST(0x04DE22821DBB3A0B00 AS DateTime2), NULL, NULL)
SET IDENTITY_INSERT [dbo].[JulkaisunKoulutusala] OFF
SET IDENTITY_INSERT [dbo].[Hanke] ON

INSERT [dbo].[Hanke] ([HankeID], [JulkaisuID], [OrgID], [Hankenumero], [Luoja], [Luontipaivamaara], [Paivittaja], [Paivityspaivamaara]) VALUES (9, 755297, 58, NULL, N'DWI\rrapo', CAST(0x048643821DBB3A0B00 AS DateTime2), NULL, NULL)
INSERT [dbo].[Hanke] ([HankeID], [JulkaisuID], [OrgID], [Hankenumero], [Luoja], [Luontipaivamaara], [Paivittaja], [Paivityspaivamaara]) VALUES (10, 755297, 58, NULL, N'DWI\rrapo', CAST(0x048643821DBB3A0B00 AS DateTime2), NULL, NULL)
SET IDENTITY_INSERT [dbo].[Hanke] OFF
SET IDENTITY_INSERT [dbo].[OrgYksikko] ON

INSERT [dbo].[OrgYksikko] ([YksikkoID], [OrgID], [YksikkoKoodi], [Nimi], [Luoja], [Luontipaivamaara], [Paivittaja], [Paivityspaivamaara]) VALUES (11946, 56, N'T205', NULL, N'DWI\rrapo', CAST(0x040A15821DBB3A0B00 AS DateTime2), NULL, NULL)
INSERT [dbo].[OrgYksikko] ([YksikkoID], [OrgID], [YksikkoKoodi], [Nimi], [Luoja], [Luontipaivamaara], [Paivittaja], [Paivityspaivamaara]) VALUES (11947, 56, N'T301', NULL, N'DWI\rrapo', CAST(0x040A15821DBB3A0B00 AS DateTime2), NULL, NULL)
INSERT [dbo].[OrgYksikko] ([YksikkoID], [OrgID], [YksikkoKoodi], [Nimi], [Luoja], [Luontipaivamaara], [Paivittaja], [Paivityspaivamaara]) VALUES (11948, 56, N'T305', NULL, N'DWI\rrapo', CAST(0x040A15821DBB3A0B00 AS DateTime2), NULL, NULL)
INSERT [dbo].[OrgYksikko] ([YksikkoID], [OrgID], [YksikkoKoodi], [Nimi], [Luoja], [Luontipaivamaara], [Paivittaja], [Paivityspaivamaara]) VALUES (11949, 56, N'T307', NULL, N'DWI\rrapo', CAST(0x040A15821DBB3A0B00 AS DateTime2), NULL, NULL)
INSERT [dbo].[OrgYksikko] ([YksikkoID], [OrgID], [YksikkoKoodi], [Nimi], [Luoja], [Luontipaivamaara], [Paivittaja], [Paivityspaivamaara]) VALUES (11950, 56, N'T401', NULL, N'DWI\rrapo', CAST(0x040A15821DBB3A0B00 AS DateTime2), NULL, NULL)
INSERT [dbo].[OrgYksikko] ([YksikkoID], [OrgID], [YksikkoKoodi], [Nimi], [Luoja], [Luontipaivamaara], [Paivittaja], [Paivityspaivamaara]) VALUES (11951, 56, N'T405', NULL, N'DWI\rrapo', CAST(0x040A15821DBB3A0B00 AS DateTime2), NULL, NULL)
INSERT [dbo].[OrgYksikko] ([YksikkoID], [OrgID], [YksikkoKoodi], [Nimi], [Luoja], [Luontipaivamaara], [Paivittaja], [Paivityspaivamaara]) VALUES (11952, 56, N'T406', NULL, N'DWI\rrapo', CAST(0x040A15821DBB3A0B00 AS DateTime2), NULL, NULL)
INSERT [dbo].[OrgYksikko] ([YksikkoID], [OrgID], [YksikkoKoodi], [Nimi], [Luoja], [Luontipaivamaara], [Paivittaja], [Paivityspaivamaara]) VALUES (11953, 56, N'T407', NULL, N'DWI\rrapo', CAST(0x040A15821DBB3A0B00 AS DateTime2), NULL, NULL)
INSERT [dbo].[OrgYksikko] ([YksikkoID], [OrgID], [YksikkoKoodi], [Nimi], [Luoja], [Luontipaivamaara], [Paivittaja], [Paivityspaivamaara]) VALUES (11954, 57, N'E01', NULL, N'DWI\rrapo', CAST(0x040A15821DBB3A0B00 AS DateTime2), NULL, NULL)
INSERT [dbo].[OrgYksikko] ([YksikkoID], [OrgID], [YksikkoKoodi], [Nimi], [Luoja], [Luontipaivamaara], [Paivittaja], [Paivityspaivamaara]) VALUES (11955, 57, N'E02', NULL, N'DWI\rrapo', CAST(0x040A15821DBB3A0B00 AS DateTime2), NULL, NULL)
INSERT [dbo].[OrgYksikko] ([YksikkoID], [OrgID], [YksikkoKoodi], [Nimi], [Luoja], [Luontipaivamaara], [Paivittaja], [Paivityspaivamaara]) VALUES (11956, 57, N'E03', NULL, N'DWI\rrapo', CAST(0x040A15821DBB3A0B00 AS DateTime2), NULL, NULL)
INSERT [dbo].[OrgYksikko] ([YksikkoID], [OrgID], [YksikkoKoodi], [Nimi], [Luoja], [Luontipaivamaara], [Paivittaja], [Paivityspaivamaara]) VALUES (11957, 57, N'E04', NULL, N'DWI\rrapo', CAST(0x040A15821DBB3A0B00 AS DateTime2), NULL, NULL)
INSERT [dbo].[OrgYksikko] ([YksikkoID], [OrgID], [YksikkoKoodi], [Nimi], [Luoja], [Luontipaivamaara], [Paivittaja], [Paivityspaivamaara]) VALUES (11958, 57, N'E05', NULL, N'DWI\rrapo', CAST(0x040A15821DBB3A0B00 AS DateTime2), NULL, NULL)
INSERT [dbo].[OrgYksikko] ([YksikkoID], [OrgID], [YksikkoKoodi], [Nimi], [Luoja], [Luontipaivamaara], [Paivittaja], [Paivityspaivamaara]) VALUES (11959, 57, N'T305', NULL, N'DWI\rrapo', CAST(0x040A15821DBB3A0B00 AS DateTime2), NULL, NULL)
INSERT [dbo].[OrgYksikko] ([YksikkoID], [OrgID], [YksikkoKoodi], [Nimi], [Luoja], [Luontipaivamaara], [Paivittaja], [Paivityspaivamaara]) VALUES (11960, 57, N'T307', NULL, N'DWI\rrapo', CAST(0x040A15821DBB3A0B00 AS DateTime2), NULL, NULL)
SET IDENTITY_INSERT [dbo].[OrgYksikko] OFF
SET IDENTITY_INSERT [dbo].[JulkaisunOrgYksikko] ON

INSERT [dbo].[JulkaisunOrgYksikko] ([JOrgYksikkoID], [JulkaisuID], [YksikkoID], [Luoja], [Luontipaivamaara], [Paivittaja], [Paivityspaivamaara], [VanhempiID]) VALUES (787813, 755291, 11951, N'DWI\rrapo', CAST(0x04EC2D821DBB3A0B00 AS DateTime2), NULL, NULL, NULL)
INSERT [dbo].[JulkaisunOrgYksikko] ([JOrgYksikkoID], [JulkaisuID], [YksikkoID], [Luoja], [Luontipaivamaara], [Paivittaja], [Paivityspaivamaara], [VanhempiID]) VALUES (787814, 755291, 11952, N'DWI\rrapo', CAST(0x04EC2D821DBB3A0B00 AS DateTime2), NULL, NULL, NULL)
INSERT [dbo].[JulkaisunOrgYksikko] ([JOrgYksikkoID], [JulkaisuID], [YksikkoID], [Luoja], [Luontipaivamaara], [Paivittaja], [Paivityspaivamaara], [VanhempiID]) VALUES (787815, 755291, 11953, N'DWI\rrapo', CAST(0x04EC2D821DBB3A0B00 AS DateTime2), NULL, NULL, NULL)
INSERT [dbo].[JulkaisunOrgYksikko] ([JOrgYksikkoID], [JulkaisuID], [YksikkoID], [Luoja], [Luontipaivamaara], [Paivittaja], [Paivityspaivamaara], [VanhempiID]) VALUES (787816, 755301, 11954, N'DWI\rrapo', CAST(0x04EC2D821DBB3A0B00 AS DateTime2), NULL, NULL, NULL)
INSERT [dbo].[JulkaisunOrgYksikko] ([JOrgYksikkoID], [JulkaisuID], [YksikkoID], [Luoja], [Luontipaivamaara], [Paivittaja], [Paivityspaivamaara], [VanhempiID]) VALUES (787817, 755301, 11955, N'DWI\rrapo', CAST(0x04EC2D821DBB3A0B00 AS DateTime2), NULL, NULL, NULL)
INSERT [dbo].[JulkaisunOrgYksikko] ([JOrgYksikkoID], [JulkaisuID], [YksikkoID], [Luoja], [Luontipaivamaara], [Paivittaja], [Paivityspaivamaara], [VanhempiID]) VALUES (787818, 755301, 11956, N'DWI\rrapo', CAST(0x04EC2D821DBB3A0B00 AS DateTime2), NULL, NULL, NULL)
INSERT [dbo].[JulkaisunOrgYksikko] ([JOrgYksikkoID], [JulkaisuID], [YksikkoID], [Luoja], [Luontipaivamaara], [Paivittaja], [Paivityspaivamaara], [VanhempiID]) VALUES (787819, 755301, 11957, N'DWI\rrapo', CAST(0x04EC2D821DBB3A0B00 AS DateTime2), NULL, NULL, NULL)
INSERT [dbo].[JulkaisunOrgYksikko] ([JOrgYksikkoID], [JulkaisuID], [YksikkoID], [Luoja], [Luontipaivamaara], [Paivittaja], [Paivityspaivamaara], [VanhempiID]) VALUES (787820, 755301, 11958, N'DWI\rrapo', CAST(0x04EC2D821DBB3A0B00 AS DateTime2), NULL, NULL, NULL)
SET IDENTITY_INSERT [dbo].[JulkaisunOrgYksikko] OFF
SET IDENTITY_INSERT [dbo].[Tekijat] ON

INSERT [dbo].[Tekijat] ([TekijaID], [JulkaisuID], [SukuNimi], [Etunimet], [ORCID], [Luoja], [Luontipaivamaara], [Paivittaja], [Paivityspaivamaara]) VALUES (1873957, 755290, N'Kallioniemi', N'Anne', NULL, N'DWI\rrapo', CAST(0x04B415821DBB3A0B00 AS DateTime2), NULL, NULL)
INSERT [dbo].[Tekijat] ([TekijaID], [JulkaisuID], [SukuNimi], [Etunimet], [ORCID], [Luoja], [Luontipaivamaara], [Paivittaja], [Paivityspaivamaara]) VALUES (1873958, 755290, N'Kuuselo', N'Riina', NULL, N'DWI\rrapo', CAST(0x04B415821DBB3A0B00 AS DateTime2), NULL, NULL)
INSERT [dbo].[Tekijat] ([TekijaID], [JulkaisuID], [SukuNimi], [Etunimet], [ORCID], [Luoja], [Luontipaivamaara], [Paivittaja], [Paivityspaivamaara]) VALUES (1873959, 755292, N'Aaltonen', N'Jens', NULL, N'DWI\rrapo', CAST(0x04B415821DBB3A0B00 AS DateTime2), NULL, NULL)
INSERT [dbo].[Tekijat] ([TekijaID], [JulkaisuID], [SukuNimi], [Etunimet], [ORCID], [Luoja], [Luontipaivamaara], [Paivittaja], [Paivityspaivamaara]) VALUES (1873960, 755293, N'Siirtola', N'Harri', NULL, N'DWI\rrapo', CAST(0x04B415821DBB3A0B00 AS DateTime2), NULL, NULL)
INSERT [dbo].[Tekijat] ([TekijaID], [JulkaisuID], [SukuNimi], [Etunimet], [ORCID], [Luoja], [Luontipaivamaara], [Paivittaja], [Paivityspaivamaara]) VALUES (1873961, 755293, N'R??ih??', N'Kari-Jouko', NULL, N'DWI\rrapo', CAST(0x04B415821DBB3A0B00 AS DateTime2), NULL, NULL)
INSERT [dbo].[Tekijat] ([TekijaID], [JulkaisuID], [SukuNimi], [Etunimet], [ORCID], [Luoja], [Luontipaivamaara], [Paivittaja], [Paivityspaivamaara]) VALUES (1873962, 755293, N'Vanhala', N'Toni', NULL, N'DWI\rrapo', CAST(0x04B415821DBB3A0B00 AS DateTime2), NULL, NULL)
INSERT [dbo].[Tekijat] ([TekijaID], [JulkaisuID], [SukuNimi], [Etunimet], [ORCID], [Luoja], [Luontipaivamaara], [Paivittaja], [Paivityspaivamaara]) VALUES (1873963, 755293, N'Surakka', N'Veikko', NULL, N'DWI\rrapo', CAST(0x04B415821DBB3A0B00 AS DateTime2), NULL, NULL)
INSERT [dbo].[Tekijat] ([TekijaID], [JulkaisuID], [SukuNimi], [Etunimet], [ORCID], [Luoja], [Luontipaivamaara], [Paivittaja], [Paivityspaivamaara]) VALUES (1873964, 755294, N'Kojo', N'Matti', N'0000-0000-0000-0000', N'DWI\rrapo', CAST(0x04B415821DBB3A0B00 AS DateTime2), NULL, NULL)
INSERT [dbo].[Tekijat] ([TekijaID], [JulkaisuID], [SukuNimi], [Etunimet], [ORCID], [Luoja], [Luontipaivamaara], [Paivittaja], [Paivityspaivamaara]) VALUES (1873965, 755295, N'Meikäläinen', N'Matti', NULL, N'DWI\rrapo', CAST(0x04B415821DBB3A0B00 AS DateTime2), NULL, NULL)
INSERT [dbo].[Tekijat] ([TekijaID], [JulkaisuID], [SukuNimi], [Etunimet], [ORCID], [Luoja], [Luontipaivamaara], [Paivittaja], [Paivityspaivamaara]) VALUES (1873966, 755297, N'Virtanen', N'Johannes', N'0000-0000-0000-0000', N'DWI\rrapo', CAST(0x04B415821DBB3A0B00 AS DateTime2), NULL, NULL)
INSERT [dbo].[Tekijat] ([TekijaID], [JulkaisuID], [SukuNimi], [Etunimet], [ORCID], [Luoja], [Luontipaivamaara], [Paivittaja], [Paivityspaivamaara]) VALUES (1873967, 755298, N'Vuolanto', N'Ville', NULL, N'DWI\rrapo', CAST(0x04B415821DBB3A0B00 AS DateTime2), NULL, NULL)
INSERT [dbo].[Tekijat] ([TekijaID], [JulkaisuID], [SukuNimi], [Etunimet], [ORCID], [Luoja], [Luontipaivamaara], [Paivittaja], [Paivityspaivamaara]) VALUES (1873968, 755299, N'Saarikko', N'Heimo', NULL, N'DWI\rrapo', CAST(0x04B415821DBB3A0B00 AS DateTime2), NULL, NULL)
INSERT [dbo].[Tekijat] ([TekijaID], [JulkaisuID], [SukuNimi], [Etunimet], [ORCID], [Luoja], [Luontipaivamaara], [Paivittaja], [Paivityspaivamaara]) VALUES (1873969, 755299, N'Österberg', N'Kenneth', NULL, N'DWI\rrapo', CAST(0x04B415821DBB3A0B00 AS DateTime2), NULL, NULL)
INSERT [dbo].[Tekijat] ([TekijaID], [JulkaisuID], [SukuNimi], [Etunimet], [ORCID], [Luoja], [Luontipaivamaara], [Paivittaja], [Paivityspaivamaara]) VALUES (1873970, 755299, N'Mehtälä', N'Markku-Petteri', NULL, N'DWI\rrapo', CAST(0x04B415821DBB3A0B00 AS DateTime2), NULL, NULL)
INSERT [dbo].[Tekijat] ([TekijaID], [JulkaisuID], [SukuNimi], [Etunimet], [ORCID], [Luoja], [Luontipaivamaara], [Paivittaja], [Paivityspaivamaara]) VALUES (1873971, 755299, N'Orava', N'Risto', NULL, N'DWI\rrapo', CAST(0x04B415821DBB3A0B00 AS DateTime2), NULL, NULL)
INSERT [dbo].[Tekijat] ([TekijaID], [JulkaisuID], [SukuNimi], [Etunimet], [ORCID], [Luoja], [Luontipaivamaara], [Paivittaja], [Paivityspaivamaara]) VALUES (1873972, 755299, N'Aaltonen', N'Timo Antero', NULL, N'DWI\rrapo', CAST(0x04B415821DBB3A0B00 AS DateTime2), NULL, NULL)
INSERT [dbo].[Tekijat] ([TekijaID], [JulkaisuID], [SukuNimi], [Etunimet], [ORCID], [Luoja], [Luontipaivamaara], [Paivittaja], [Paivityspaivamaara]) VALUES (1873973, 755300, N'Nieminen', N'Matti', NULL, N'DWI\rrapo', CAST(0x04B415821DBB3A0B00 AS DateTime2), NULL, NULL)
INSERT [dbo].[Tekijat] ([TekijaID], [JulkaisuID], [SukuNimi], [Etunimet], [ORCID], [Luoja], [Luontipaivamaara], [Paivittaja], [Paivityspaivamaara]) VALUES (1873974, 755301, N'Kallioniemi', N'Anne', NULL, N'DWI\rrapo', CAST(0x04B415821DBB3A0B00 AS DateTime2), NULL, NULL)
INSERT [dbo].[Tekijat] ([TekijaID], [JulkaisuID], [SukuNimi], [Etunimet], [ORCID], [Luoja], [Luontipaivamaara], [Paivittaja], [Paivityspaivamaara]) VALUES (1873975, 755301, N'Kuuselo', N'Riina', NULL, N'DWI\rrapo', CAST(0x04B415821DBB3A0B00 AS DateTime2), NULL, NULL)
SET IDENTITY_INSERT [dbo].[Tekijat] OFF
SET IDENTITY_INSERT [dbo].[TekijanOrgYksikko] ON

INSERT [dbo].[TekijanOrgYksikko] ([TOrgYksikkoID], [TekijaID], [YksikkoID], [Luoja], [Luontipaivamaara], [Paivittaja], [Paivityspaivamaara], [VanhempiID]) VALUES (1175, 1873964, 11946, N'DWI\rrapo', CAST(0x040637821DBB3A0B00 AS DateTime2), NULL, NULL, NULL)
INSERT [dbo].[TekijanOrgYksikko] ([TOrgYksikkoID], [TekijaID], [YksikkoID], [Luoja], [Luontipaivamaara], [Paivittaja], [Paivityspaivamaara], [VanhempiID]) VALUES (1176, 1873965, 11946, N'DWI\rrapo', CAST(0x040637821DBB3A0B00 AS DateTime2), NULL, NULL, NULL)
INSERT [dbo].[TekijanOrgYksikko] ([TOrgYksikkoID], [TekijaID], [YksikkoID], [Luoja], [Luontipaivamaara], [Paivittaja], [Paivityspaivamaara], [VanhempiID]) VALUES (1177, 1873967, 11947, N'DWI\rrapo', CAST(0x040637821DBB3A0B00 AS DateTime2), NULL, NULL, NULL)
INSERT [dbo].[TekijanOrgYksikko] ([TOrgYksikkoID], [TekijaID], [YksikkoID], [Luoja], [Luontipaivamaara], [Paivittaja], [Paivityspaivamaara], [VanhempiID]) VALUES (1178, 1873973, 11947, N'DWI\rrapo', CAST(0x040637821DBB3A0B00 AS DateTime2), NULL, NULL, NULL)
INSERT [dbo].[TekijanOrgYksikko] ([TOrgYksikkoID], [TekijaID], [YksikkoID], [Luoja], [Luontipaivamaara], [Paivittaja], [Paivityspaivamaara], [VanhempiID]) VALUES (1179, 1873958, 11948, N'DWI\rrapo', CAST(0x040637821DBB3A0B00 AS DateTime2), NULL, NULL, NULL)
INSERT [dbo].[TekijanOrgYksikko] ([TOrgYksikkoID], [TekijaID], [YksikkoID], [Luoja], [Luontipaivamaara], [Paivittaja], [Paivityspaivamaara], [VanhempiID]) VALUES (1180, 1873960, 11948, N'DWI\rrapo', CAST(0x040637821DBB3A0B00 AS DateTime2), NULL, NULL, NULL)
INSERT [dbo].[TekijanOrgYksikko] ([TOrgYksikkoID], [TekijaID], [YksikkoID], [Luoja], [Luontipaivamaara], [Paivittaja], [Paivityspaivamaara], [VanhempiID]) VALUES (1181, 1873961, 11948, N'DWI\rrapo', CAST(0x040637821DBB3A0B00 AS DateTime2), NULL, NULL, NULL)
INSERT [dbo].[TekijanOrgYksikko] ([TOrgYksikkoID], [TekijaID], [YksikkoID], [Luoja], [Luontipaivamaara], [Paivittaja], [Paivityspaivamaara], [VanhempiID]) VALUES (1182, 1873962, 11948, N'DWI\rrapo', CAST(0x040637821DBB3A0B00 AS DateTime2), NULL, NULL, NULL)
INSERT [dbo].[TekijanOrgYksikko] ([TOrgYksikkoID], [TekijaID], [YksikkoID], [Luoja], [Luontipaivamaara], [Paivittaja], [Paivityspaivamaara], [VanhempiID]) VALUES (1183, 1873963, 11948, N'DWI\rrapo', CAST(0x040637821DBB3A0B00 AS DateTime2), NULL, NULL, NULL)
INSERT [dbo].[TekijanOrgYksikko] ([TOrgYksikkoID], [TekijaID], [YksikkoID], [Luoja], [Luontipaivamaara], [Paivittaja], [Paivityspaivamaara], [VanhempiID]) VALUES (1184, 1873966, 11948, N'DWI\rrapo', CAST(0x040637821DBB3A0B00 AS DateTime2), NULL, NULL, NULL)
INSERT [dbo].[TekijanOrgYksikko] ([TOrgYksikkoID], [TekijaID], [YksikkoID], [Luoja], [Luontipaivamaara], [Paivittaja], [Paivityspaivamaara], [VanhempiID]) VALUES (1185, 1873975, 11948, N'DWI\rrapo', CAST(0x040637821DBB3A0B00 AS DateTime2), NULL, NULL, NULL)
INSERT [dbo].[TekijanOrgYksikko] ([TOrgYksikkoID], [TekijaID], [YksikkoID], [Luoja], [Luontipaivamaara], [Paivittaja], [Paivityspaivamaara], [VanhempiID]) VALUES (1186, 1873957, 11949, N'DWI\rrapo', CAST(0x040637821DBB3A0B00 AS DateTime2), NULL, NULL, NULL)
INSERT [dbo].[TekijanOrgYksikko] ([TOrgYksikkoID], [TekijaID], [YksikkoID], [Luoja], [Luontipaivamaara], [Paivittaja], [Paivityspaivamaara], [VanhempiID]) VALUES (1187, 1873974, 11949, N'DWI\rrapo', CAST(0x040637821DBB3A0B00 AS DateTime2), NULL, NULL, NULL)
INSERT [dbo].[TekijanOrgYksikko] ([TOrgYksikkoID], [TekijaID], [YksikkoID], [Luoja], [Luontipaivamaara], [Paivittaja], [Paivityspaivamaara], [VanhempiID]) VALUES (1188, 1873959, 11950, N'DWI\rrapo', CAST(0x040637821DBB3A0B00 AS DateTime2), NULL, NULL, NULL)
INSERT [dbo].[TekijanOrgYksikko] ([TOrgYksikkoID], [TekijaID], [YksikkoID], [Luoja], [Luontipaivamaara], [Paivittaja], [Paivityspaivamaara], [VanhempiID]) VALUES (1189, 1873970, 11950, N'DWI\rrapo', CAST(0x040637821DBB3A0B00 AS DateTime2), NULL, NULL, NULL)
INSERT [dbo].[TekijanOrgYksikko] ([TOrgYksikkoID], [TekijaID], [YksikkoID], [Luoja], [Luontipaivamaara], [Paivittaja], [Paivityspaivamaara], [VanhempiID]) VALUES (1190, 1873972, 11950, N'DWI\rrapo', CAST(0x040637821DBB3A0B00 AS DateTime2), NULL, NULL, NULL)
INSERT [dbo].[TekijanOrgYksikko] ([TOrgYksikkoID], [TekijaID], [YksikkoID], [Luoja], [Luontipaivamaara], [Paivittaja], [Paivityspaivamaara], [VanhempiID]) VALUES (1191, 1873968, 11951, N'DWI\rrapo', CAST(0x040637821DBB3A0B00 AS DateTime2), NULL, NULL, NULL)
INSERT [dbo].[TekijanOrgYksikko] ([TOrgYksikkoID], [TekijaID], [YksikkoID], [Luoja], [Luontipaivamaara], [Paivittaja], [Paivityspaivamaara], [VanhempiID]) VALUES (1192, 1873969, 11951, N'DWI\rrapo', CAST(0x040637821DBB3A0B00 AS DateTime2), NULL, NULL, NULL)
INSERT [dbo].[TekijanOrgYksikko] ([TOrgYksikkoID], [TekijaID], [YksikkoID], [Luoja], [Luontipaivamaara], [Paivittaja], [Paivityspaivamaara], [VanhempiID]) VALUES (1193, 1873971, 11951, N'DWI\rrapo', CAST(0x040637821DBB3A0B00 AS DateTime2), NULL, NULL, NULL)
INSERT [dbo].[TekijanOrgYksikko] ([TOrgYksikkoID], [TekijaID], [YksikkoID], [Luoja], [Luontipaivamaara], [Paivittaja], [Paivityspaivamaara], [VanhempiID]) VALUES (1194, 1873958, 11959, N'DWI\rrapo', CAST(0x040637821DBB3A0B00 AS DateTime2), NULL, NULL, NULL)
INSERT [dbo].[TekijanOrgYksikko] ([TOrgYksikkoID], [TekijaID], [YksikkoID], [Luoja], [Luontipaivamaara], [Paivittaja], [Paivityspaivamaara], [VanhempiID]) VALUES (1195, 1873975, 11959, N'DWI\rrapo', CAST(0x040637821DBB3A0B00 AS DateTime2), NULL, NULL, NULL)
INSERT [dbo].[TekijanOrgYksikko] ([TOrgYksikkoID], [TekijaID], [YksikkoID], [Luoja], [Luontipaivamaara], [Paivittaja], [Paivityspaivamaara], [VanhempiID]) VALUES (1196, 1873957, 11960, N'DWI\rrapo', CAST(0x040637821DBB3A0B00 AS DateTime2), NULL, NULL, NULL)
INSERT [dbo].[TekijanOrgYksikko] ([TOrgYksikkoID], [TekijaID], [YksikkoID], [Luoja], [Luontipaivamaara], [Paivittaja], [Paivityspaivamaara], [VanhempiID]) VALUES (1197, 1873974, 11960, N'DWI\rrapo', CAST(0x040637821DBB3A0B00 AS DateTime2), NULL, NULL, NULL)
SET IDENTITY_INSERT [dbo].[TekijanOrgYksikko] OFF
SET IDENTITY_INSERT [dbo].[TieteenalaLuokitus] ON

INSERT [dbo].[TieteenalaLuokitus] ([TieteenalaID], [Koodi], [Nimi], [Alkamispaivmaara], [Paattymispaivamaara], [Luoja], [Luontipaivamaara], [Paivittaja], [Paivityspaivamaara]) VALUES (84, N'1', N'LUONNONTIETEET', CAST(0x00008EAC00000000 AS DateTime), CAST(0x00012FDA00000000 AS DateTime), N'DWI\rrapo', CAST(0x0492547F26A13A0B00 AS DateTime2), NULL, NULL)
INSERT [dbo].[TieteenalaLuokitus] ([TieteenalaID], [Koodi], [Nimi], [Alkamispaivmaara], [Paattymispaivamaara], [Luoja], [Luontipaivamaara], [Paivittaja], [Paivityspaivamaara]) VALUES (85, N'111', N'Matematiikka', CAST(0x00008EAC00000000 AS DateTime), CAST(0x00012FDA00000000 AS DateTime), N'DWI\rrapo', CAST(0x0492547F26A13A0B00 AS DateTime2), NULL, NULL)
INSERT [dbo].[TieteenalaLuokitus] ([TieteenalaID], [Koodi], [Nimi], [Alkamispaivmaara], [Paattymispaivamaara], [Luoja], [Luontipaivamaara], [Paivittaja], [Paivityspaivamaara]) VALUES (86, N'112', N'Tilastotiede', CAST(0x00008EAC00000000 AS DateTime), CAST(0x00012FDA00000000 AS DateTime), N'DWI\rrapo', CAST(0x0492547F26A13A0B00 AS DateTime2), NULL, NULL)
INSERT [dbo].[TieteenalaLuokitus] ([TieteenalaID], [Koodi], [Nimi], [Alkamispaivmaara], [Paattymispaivamaara], [Luoja], [Luontipaivamaara], [Paivittaja], [Paivityspaivamaara]) VALUES (87, N'113', N'Tietojenkäsittely ja informaatiotieteet', CAST(0x00008EAC00000000 AS DateTime), CAST(0x00012FDA00000000 AS DateTime), N'DWI\rrapo', CAST(0x0492547F26A13A0B00 AS DateTime2), NULL, NULL)
INSERT [dbo].[TieteenalaLuokitus] ([TieteenalaID], [Koodi], [Nimi], [Alkamispaivmaara], [Paattymispaivamaara], [Luoja], [Luontipaivamaara], [Paivittaja], [Paivityspaivamaara]) VALUES (88, N'114', N'Fysiikka', CAST(0x00008EAC00000000 AS DateTime), CAST(0x00012FDA00000000 AS DateTime), N'DWI\rrapo', CAST(0x04BA547F26A13A0B00 AS DateTime2), NULL, NULL)
INSERT [dbo].[TieteenalaLuokitus] ([TieteenalaID], [Koodi], [Nimi], [Alkamispaivmaara], [Paattymispaivamaara], [Luoja], [Luontipaivamaara], [Paivittaja], [Paivityspaivamaara]) VALUES (89, N'115', N'Avaruustieteet ja tähtitiede', CAST(0x00008EAC00000000 AS DateTime), CAST(0x00012FDA00000000 AS DateTime), N'DWI\rrapo', CAST(0x04BA547F26A13A0B00 AS DateTime2), NULL, NULL)
INSERT [dbo].[TieteenalaLuokitus] ([TieteenalaID], [Koodi], [Nimi], [Alkamispaivmaara], [Paattymispaivamaara], [Luoja], [Luontipaivamaara], [Paivittaja], [Paivityspaivamaara]) VALUES (90, N'116', N'Kemia', CAST(0x00008EAC00000000 AS DateTime), CAST(0x00012FDA00000000 AS DateTime), N'DWI\rrapo', CAST(0x04BA547F26A13A0B00 AS DateTime2), NULL, NULL)
INSERT [dbo].[TieteenalaLuokitus] ([TieteenalaID], [Koodi], [Nimi], [Alkamispaivmaara], [Paattymispaivamaara], [Luoja], [Luontipaivamaara], [Paivittaja], [Paivityspaivamaara]) VALUES (91, N'117', N'Maantiede ja ympäristötieteet', CAST(0x00008EAC00000000 AS DateTime), CAST(0x00012FDA00000000 AS DateTime), N'DWI\rrapo', CAST(0x04BA547F26A13A0B00 AS DateTime2), NULL, NULL)
INSERT [dbo].[TieteenalaLuokitus] ([TieteenalaID], [Koodi], [Nimi], [Alkamispaivmaara], [Paattymispaivamaara], [Luoja], [Luontipaivamaara], [Paivittaja], [Paivityspaivamaara]) VALUES (92, N'1171', N'Geotieteet', CAST(0x00008EAC00000000 AS DateTime), CAST(0x00012FDA00000000 AS DateTime), N'DWI\rrapo', CAST(0x04BA547F26A13A0B00 AS DateTime2), NULL, NULL)
INSERT [dbo].[TieteenalaLuokitus] ([TieteenalaID], [Koodi], [Nimi], [Alkamispaivmaara], [Paattymispaivamaara], [Luoja], [Luontipaivamaara], [Paivittaja], [Paivityspaivamaara]) VALUES (93, N'1172', N'Ympäristötiede', CAST(0x00008EAC00000000 AS DateTime), CAST(0x00012FDA00000000 AS DateTime), N'DWI\rrapo', CAST(0x04BA547F26A13A0B00 AS DateTime2), NULL, NULL)
INSERT [dbo].[TieteenalaLuokitus] ([TieteenalaID], [Koodi], [Nimi], [Alkamispaivmaara], [Paattymispaivamaara], [Luoja], [Luontipaivamaara], [Paivittaja], [Paivityspaivamaara]) VALUES (94, N'118', N'Biotieteet', CAST(0x00008EAC00000000 AS DateTime), CAST(0x00012FDA00000000 AS DateTime), N'DWI\rrapo', CAST(0x04BA547F26A13A0B00 AS DateTime2), NULL, NULL)
INSERT [dbo].[TieteenalaLuokitus] ([TieteenalaID], [Koodi], [Nimi], [Alkamispaivmaara], [Paattymispaivamaara], [Luoja], [Luontipaivamaara], [Paivittaja], [Paivityspaivamaara]) VALUES (95, N'1181', N'Ekologia, evoluutiobiologia', CAST(0x00008EAC00000000 AS DateTime), CAST(0x00012FDA00000000 AS DateTime), N'DWI\rrapo', CAST(0x04BA547F26A13A0B00 AS DateTime2), NULL, NULL)
INSERT [dbo].[TieteenalaLuokitus] ([TieteenalaID], [Koodi], [Nimi], [Alkamispaivmaara], [Paattymispaivamaara], [Luoja], [Luontipaivamaara], [Paivittaja], [Paivityspaivamaara]) VALUES (96, N'1182', N'Biokemia, solu- ja molekyylibiologia', CAST(0x00008EAC00000000 AS DateTime), CAST(0x00012FDA00000000 AS DateTime), N'DWI\rrapo', CAST(0x04D8547F26A13A0B00 AS DateTime2), NULL, NULL)
INSERT [dbo].[TieteenalaLuokitus] ([TieteenalaID], [Koodi], [Nimi], [Alkamispaivmaara], [Paattymispaivamaara], [Luoja], [Luontipaivamaara], [Paivittaja], [Paivityspaivamaara]) VALUES (97, N'1183', N'Kasvibiologia, mikrobiologia, virologia', CAST(0x00008EAC00000000 AS DateTime), CAST(0x00012FDA00000000 AS DateTime), N'DWI\rrapo', CAST(0x04D8547F26A13A0B00 AS DateTime2), NULL, NULL)
INSERT [dbo].[TieteenalaLuokitus] ([TieteenalaID], [Koodi], [Nimi], [Alkamispaivmaara], [Paattymispaivamaara], [Luoja], [Luontipaivamaara], [Paivittaja], [Paivityspaivamaara]) VALUES (98, N'1184', N'Genetiikka, kehitysbiologia, fysiologia', CAST(0x00008EAC00000000 AS DateTime), CAST(0x00012FDA00000000 AS DateTime), N'DWI\rrapo', CAST(0x04D8547F26A13A0B00 AS DateTime2), NULL, NULL)
INSERT [dbo].[TieteenalaLuokitus] ([TieteenalaID], [Koodi], [Nimi], [Alkamispaivmaara], [Paattymispaivamaara], [Luoja], [Luontipaivamaara], [Paivittaja], [Paivityspaivamaara]) VALUES (99, N'119', N'Muut luonnontieteet', CAST(0x00008EAC00000000 AS DateTime), CAST(0x00012FDA00000000 AS DateTime), N'DWI\rrapo', CAST(0x04D8547F26A13A0B00 AS DateTime2), NULL, NULL)
INSERT [dbo].[TieteenalaLuokitus] ([TieteenalaID], [Koodi], [Nimi], [Alkamispaivmaara], [Paattymispaivamaara], [Luoja], [Luontipaivamaara], [Paivittaja], [Paivityspaivamaara]) VALUES (100, N'2', N'TEKNIIKKA', CAST(0x00008EAC00000000 AS DateTime), CAST(0x00012FDA00000000 AS DateTime), N'DWI\rrapo', CAST(0x04D8547F26A13A0B00 AS DateTime2), NULL, NULL)
INSERT [dbo].[TieteenalaLuokitus] ([TieteenalaID], [Koodi], [Nimi], [Alkamispaivmaara], [Paattymispaivamaara], [Luoja], [Luontipaivamaara], [Paivittaja], [Paivityspaivamaara]) VALUES (101, N'211', N'Arkkitehtuuri', CAST(0x00008EAC00000000 AS DateTime), CAST(0x00012FDA00000000 AS DateTime), N'DWI\rrapo', CAST(0x04D8547F26A13A0B00 AS DateTime2), NULL, NULL)
INSERT [dbo].[TieteenalaLuokitus] ([TieteenalaID], [Koodi], [Nimi], [Alkamispaivmaara], [Paattymispaivamaara], [Luoja], [Luontipaivamaara], [Paivittaja], [Paivityspaivamaara]) VALUES (102, N'212', N'Rakennus- ja yhdyskuntatekniikka', CAST(0x00008EAC00000000 AS DateTime), CAST(0x00012FDA00000000 AS DateTime), N'DWI\rrapo', CAST(0x04D8547F26A13A0B00 AS DateTime2), NULL, NULL)
INSERT [dbo].[TieteenalaLuokitus] ([TieteenalaID], [Koodi], [Nimi], [Alkamispaivmaara], [Paattymispaivamaara], [Luoja], [Luontipaivamaara], [Paivittaja], [Paivityspaivamaara]) VALUES (103, N'213', N'Sähkö-, automaatio- ja tietoliikennetekniikka, elektroniikka', CAST(0x00008EAC00000000 AS DateTime), CAST(0x00012FDA00000000 AS DateTime), N'DWI\rrapo', CAST(0x04D8547F26A13A0B00 AS DateTime2), NULL, NULL)
INSERT [dbo].[TieteenalaLuokitus] ([TieteenalaID], [Koodi], [Nimi], [Alkamispaivmaara], [Paattymispaivamaara], [Luoja], [Luontipaivamaara], [Paivittaja], [Paivityspaivamaara]) VALUES (104, N'214', N'Kone- ja valmistustekniikka', CAST(0x00008EAC00000000 AS DateTime), CAST(0x00012FDA00000000 AS DateTime), N'DWI\rrapo', CAST(0x04D8547F26A13A0B00 AS DateTime2), NULL, NULL)
INSERT [dbo].[TieteenalaLuokitus] ([TieteenalaID], [Koodi], [Nimi], [Alkamispaivmaara], [Paattymispaivamaara], [Luoja], [Luontipaivamaara], [Paivittaja], [Paivityspaivamaara]) VALUES (105, N'215', N'Teknillinen kemia, kemian prosessitekniikka', CAST(0x00008EAC00000000 AS DateTime), CAST(0x00012FDA00000000 AS DateTime), N'DWI\rrapo', CAST(0x04D8547F26A13A0B00 AS DateTime2), NULL, NULL)
INSERT [dbo].[TieteenalaLuokitus] ([TieteenalaID], [Koodi], [Nimi], [Alkamispaivmaara], [Paattymispaivamaara], [Luoja], [Luontipaivamaara], [Paivittaja], [Paivityspaivamaara]) VALUES (106, N'216', N'Materiaalitekniikka', CAST(0x00008EAC00000000 AS DateTime), CAST(0x00012FDA00000000 AS DateTime), N'DWI\rrapo', CAST(0x04D8547F26A13A0B00 AS DateTime2), NULL, NULL)
INSERT [dbo].[TieteenalaLuokitus] ([TieteenalaID], [Koodi], [Nimi], [Alkamispaivmaara], [Paattymispaivamaara], [Luoja], [Luontipaivamaara], [Paivittaja], [Paivityspaivamaara]) VALUES (107, N'217', N'Lääketieteen tekniikka', CAST(0x00008EAC00000000 AS DateTime), CAST(0x00012FDA00000000 AS DateTime), N'DWI\rrapo', CAST(0x04D8547F26A13A0B00 AS DateTime2), NULL, NULL)
INSERT [dbo].[TieteenalaLuokitus] ([TieteenalaID], [Koodi], [Nimi], [Alkamispaivmaara], [Paattymispaivamaara], [Luoja], [Luontipaivamaara], [Paivittaja], [Paivityspaivamaara]) VALUES (108, N'218', N'Ympäristötekniikka', CAST(0x00008EAC00000000 AS DateTime), CAST(0x00012FDA00000000 AS DateTime), N'DWI\rrapo', CAST(0x04F6547F26A13A0B00 AS DateTime2), NULL, NULL)
INSERT [dbo].[TieteenalaLuokitus] ([TieteenalaID], [Koodi], [Nimi], [Alkamispaivmaara], [Paattymispaivamaara], [Luoja], [Luontipaivamaara], [Paivittaja], [Paivityspaivamaara]) VALUES (109, N'219', N'Ympäristön bioteknologia', CAST(0x00008EAC00000000 AS DateTime), CAST(0x00012FDA00000000 AS DateTime), N'DWI\rrapo', CAST(0x04F6547F26A13A0B00 AS DateTime2), NULL, NULL)
INSERT [dbo].[TieteenalaLuokitus] ([TieteenalaID], [Koodi], [Nimi], [Alkamispaivmaara], [Paattymispaivamaara], [Luoja], [Luontipaivamaara], [Paivittaja], [Paivityspaivamaara]) VALUES (110, N'220', N'Teollinen bioteknologia', CAST(0x00008EAC00000000 AS DateTime), CAST(0x00012FDA00000000 AS DateTime), N'DWI\rrapo', CAST(0x04F6547F26A13A0B00 AS DateTime2), NULL, NULL)
INSERT [dbo].[TieteenalaLuokitus] ([TieteenalaID], [Koodi], [Nimi], [Alkamispaivmaara], [Paattymispaivamaara], [Luoja], [Luontipaivamaara], [Paivittaja], [Paivityspaivamaara]) VALUES (111, N'221', N'Nanoteknologia', CAST(0x00008EAC00000000 AS DateTime), CAST(0x00012FDA00000000 AS DateTime), N'DWI\rrapo', CAST(0x04F6547F26A13A0B00 AS DateTime2), NULL, NULL)
INSERT [dbo].[TieteenalaLuokitus] ([TieteenalaID], [Koodi], [Nimi], [Alkamispaivmaara], [Paattymispaivamaara], [Luoja], [Luontipaivamaara], [Paivittaja], [Paivityspaivamaara]) VALUES (112, N'222', N'Muu tekniikka', CAST(0x00008EAC00000000 AS DateTime), CAST(0x00012FDA00000000 AS DateTime), N'DWI\rrapo', CAST(0x04F6547F26A13A0B00 AS DateTime2), NULL, NULL)
INSERT [dbo].[TieteenalaLuokitus] ([TieteenalaID], [Koodi], [Nimi], [Alkamispaivmaara], [Paattymispaivamaara], [Luoja], [Luontipaivamaara], [Paivittaja], [Paivityspaivamaara]) VALUES (113, N'3', N'LÄÄKE- JA TERVEYSTIETEET', CAST(0x00008EAC00000000 AS DateTime), CAST(0x00012FDA00000000 AS DateTime), N'DWI\rrapo', CAST(0x04F6547F26A13A0B00 AS DateTime2), NULL, NULL)
INSERT [dbo].[TieteenalaLuokitus] ([TieteenalaID], [Koodi], [Nimi], [Alkamispaivmaara], [Paattymispaivamaara], [Luoja], [Luontipaivamaara], [Paivittaja], [Paivityspaivamaara]) VALUES (114, N'311', N'Peruslääketieteet', CAST(0x00008EAC00000000 AS DateTime), CAST(0x00012FDA00000000 AS DateTime), N'DWI\rrapo', CAST(0x04F6547F26A13A0B00 AS DateTime2), NULL, NULL)
INSERT [dbo].[TieteenalaLuokitus] ([TieteenalaID], [Koodi], [Nimi], [Alkamispaivmaara], [Paattymispaivamaara], [Luoja], [Luontipaivamaara], [Paivittaja], [Paivityspaivamaara]) VALUES (115, N'3111', N'Biolääketieteet', CAST(0x00008EAC00000000 AS DateTime), CAST(0x00012FDA00000000 AS DateTime), N'DWI\rrapo', CAST(0x04F6547F26A13A0B00 AS DateTime2), NULL, NULL)
INSERT [dbo].[TieteenalaLuokitus] ([TieteenalaID], [Koodi], [Nimi], [Alkamispaivmaara], [Paattymispaivamaara], [Luoja], [Luontipaivamaara], [Paivittaja], [Paivityspaivamaara]) VALUES (116, N'3112', N'Neurotieteet', CAST(0x00008EAC00000000 AS DateTime), CAST(0x00012FDA00000000 AS DateTime), N'DWI\rrapo', CAST(0x041E557F26A13A0B00 AS DateTime2), NULL, NULL)
INSERT [dbo].[TieteenalaLuokitus] ([TieteenalaID], [Koodi], [Nimi], [Alkamispaivmaara], [Paattymispaivamaara], [Luoja], [Luontipaivamaara], [Paivittaja], [Paivityspaivamaara]) VALUES (117, N'312', N'Kliiniset lääketieteet', CAST(0x00008EAC00000000 AS DateTime), CAST(0x00012FDA00000000 AS DateTime), N'DWI\rrapo', CAST(0x041E557F26A13A0B00 AS DateTime2), NULL, NULL)
INSERT [dbo].[TieteenalaLuokitus] ([TieteenalaID], [Koodi], [Nimi], [Alkamispaivmaara], [Paattymispaivamaara], [Luoja], [Luontipaivamaara], [Paivittaja], [Paivityspaivamaara]) VALUES (118, N'3121', N'Sisätaudit', CAST(0x00008EAC00000000 AS DateTime), CAST(0x00012FDA00000000 AS DateTime), N'DWI\rrapo', CAST(0x041E557F26A13A0B00 AS DateTime2), NULL, NULL)
INSERT [dbo].[TieteenalaLuokitus] ([TieteenalaID], [Koodi], [Nimi], [Alkamispaivmaara], [Paattymispaivamaara], [Luoja], [Luontipaivamaara], [Paivittaja], [Paivityspaivamaara]) VALUES (119, N'3122', N'Syöpätaudit', CAST(0x00008EAC00000000 AS DateTime), CAST(0x00012FDA00000000 AS DateTime), N'DWI\rrapo', CAST(0x041E557F26A13A0B00 AS DateTime2), NULL, NULL)
INSERT [dbo].[TieteenalaLuokitus] ([TieteenalaID], [Koodi], [Nimi], [Alkamispaivmaara], [Paattymispaivamaara], [Luoja], [Luontipaivamaara], [Paivittaja], [Paivityspaivamaara]) VALUES (120, N'3123', N'Naisten- ja lastentaudit', CAST(0x00008EAC00000000 AS DateTime), CAST(0x00012FDA00000000 AS DateTime), N'DWI\rrapo', CAST(0x041E557F26A13A0B00 AS DateTime2), NULL, NULL)
INSERT [dbo].[TieteenalaLuokitus] ([TieteenalaID], [Koodi], [Nimi], [Alkamispaivmaara], [Paattymispaivamaara], [Luoja], [Luontipaivamaara], [Paivittaja], [Paivityspaivamaara]) VALUES (121, N'3124', N'Neurologia ja psykiatria', CAST(0x00008EAC00000000 AS DateTime), CAST(0x00012FDA00000000 AS DateTime), N'DWI\rrapo', CAST(0x041E557F26A13A0B00 AS DateTime2), NULL, NULL)
INSERT [dbo].[TieteenalaLuokitus] ([TieteenalaID], [Koodi], [Nimi], [Alkamispaivmaara], [Paattymispaivamaara], [Luoja], [Luontipaivamaara], [Paivittaja], [Paivityspaivamaara]) VALUES (122, N'3125', N'Korva-, nenä- ja kurkkutaudit, silmätaudit', CAST(0x00008EAC00000000 AS DateTime), CAST(0x00012FDA00000000 AS DateTime), N'DWI\rrapo', CAST(0x041E557F26A13A0B00 AS DateTime2), NULL, NULL)
INSERT [dbo].[TieteenalaLuokitus] ([TieteenalaID], [Koodi], [Nimi], [Alkamispaivmaara], [Paattymispaivamaara], [Luoja], [Luontipaivamaara], [Paivittaja], [Paivityspaivamaara]) VALUES (123, N'3126', N'Kirurgia, anestesiologia, tehohoito, radiologia', CAST(0x00008EAC00000000 AS DateTime), CAST(0x00012FDA00000000 AS DateTime), N'DWI\rrapo', CAST(0x041E557F26A13A0B00 AS DateTime2), NULL, NULL)
INSERT [dbo].[TieteenalaLuokitus] ([TieteenalaID], [Koodi], [Nimi], [Alkamispaivmaara], [Paattymispaivamaara], [Luoja], [Luontipaivamaara], [Paivittaja], [Paivityspaivamaara]) VALUES (124, N'313', N'Hammaslääketieteet', CAST(0x00008EAC00000000 AS DateTime), CAST(0x00012FDA00000000 AS DateTime), N'DWI\rrapo', CAST(0x043C557F26A13A0B00 AS DateTime2), NULL, NULL)
INSERT [dbo].[TieteenalaLuokitus] ([TieteenalaID], [Koodi], [Nimi], [Alkamispaivmaara], [Paattymispaivamaara], [Luoja], [Luontipaivamaara], [Paivittaja], [Paivityspaivamaara]) VALUES (125, N'314', N'Terveystieteet', CAST(0x00008EAC00000000 AS DateTime), CAST(0x00012FDA00000000 AS DateTime), N'DWI\rrapo', CAST(0x043C557F26A13A0B00 AS DateTime2), NULL, NULL)
INSERT [dbo].[TieteenalaLuokitus] ([TieteenalaID], [Koodi], [Nimi], [Alkamispaivmaara], [Paattymispaivamaara], [Luoja], [Luontipaivamaara], [Paivittaja], [Paivityspaivamaara]) VALUES (126, N'3141', N'Terveystiede', CAST(0x00008EAC00000000 AS DateTime), CAST(0x00012FDA00000000 AS DateTime), N'DWI\rrapo', CAST(0x043C557F26A13A0B00 AS DateTime2), NULL, NULL)
INSERT [dbo].[TieteenalaLuokitus] ([TieteenalaID], [Koodi], [Nimi], [Alkamispaivmaara], [Paattymispaivamaara], [Luoja], [Luontipaivamaara], [Paivittaja], [Paivityspaivamaara]) VALUES (127, N'3142', N'Kansanterveystiede, ympäristö ja työterveys', CAST(0x00008EAC00000000 AS DateTime), CAST(0x00012FDA00000000 AS DateTime), N'DWI\rrapo', CAST(0x043C557F26A13A0B00 AS DateTime2), NULL, NULL)
INSERT [dbo].[TieteenalaLuokitus] ([TieteenalaID], [Koodi], [Nimi], [Alkamispaivmaara], [Paattymispaivamaara], [Luoja], [Luontipaivamaara], [Paivittaja], [Paivityspaivamaara]) VALUES (128, N'315', N'Liikuntatiede', CAST(0x00008EAC00000000 AS DateTime), CAST(0x00012FDA00000000 AS DateTime), N'DWI\rrapo', CAST(0x043C557F26A13A0B00 AS DateTime2), NULL, NULL)
INSERT [dbo].[TieteenalaLuokitus] ([TieteenalaID], [Koodi], [Nimi], [Alkamispaivmaara], [Paattymispaivamaara], [Luoja], [Luontipaivamaara], [Paivittaja], [Paivityspaivamaara]) VALUES (129, N'316', N'Hoitotiede', CAST(0x00008EAC00000000 AS DateTime), CAST(0x00012FDA00000000 AS DateTime), N'DWI\rrapo', CAST(0x045A557F26A13A0B00 AS DateTime2), NULL, NULL)
INSERT [dbo].[TieteenalaLuokitus] ([TieteenalaID], [Koodi], [Nimi], [Alkamispaivmaara], [Paattymispaivamaara], [Luoja], [Luontipaivamaara], [Paivittaja], [Paivityspaivamaara]) VALUES (130, N'317', N'Farmasia', CAST(0x00008EAC00000000 AS DateTime), CAST(0x00012FDA00000000 AS DateTime), N'DWI\rrapo', CAST(0x045A557F26A13A0B00 AS DateTime2), NULL, NULL)
INSERT [dbo].[TieteenalaLuokitus] ([TieteenalaID], [Koodi], [Nimi], [Alkamispaivmaara], [Paattymispaivamaara], [Luoja], [Luontipaivamaara], [Paivittaja], [Paivityspaivamaara]) VALUES (131, N'318', N'Lääketieteen bioteknologia', CAST(0x00008EAC00000000 AS DateTime), CAST(0x00012FDA00000000 AS DateTime), N'DWI\rrapo', CAST(0x045A557F26A13A0B00 AS DateTime2), NULL, NULL)
INSERT [dbo].[TieteenalaLuokitus] ([TieteenalaID], [Koodi], [Nimi], [Alkamispaivmaara], [Paattymispaivamaara], [Luoja], [Luontipaivamaara], [Paivittaja], [Paivityspaivamaara]) VALUES (132, N'319', N'Oikeuslääketiede ja muut lääketieteet', CAST(0x00008EAC00000000 AS DateTime), CAST(0x00012FDA00000000 AS DateTime), N'DWI\rrapo', CAST(0x045A557F26A13A0B00 AS DateTime2), NULL, NULL)
INSERT [dbo].[TieteenalaLuokitus] ([TieteenalaID], [Koodi], [Nimi], [Alkamispaivmaara], [Paattymispaivamaara], [Luoja], [Luontipaivamaara], [Paivittaja], [Paivityspaivamaara]) VALUES (133, N'4', N'MAATALOUS- JA METSÄTIETEET', CAST(0x00008EAC00000000 AS DateTime), CAST(0x00012FDA00000000 AS DateTime), N'DWI\rrapo', CAST(0x045A557F26A13A0B00 AS DateTime2), NULL, NULL)
INSERT [dbo].[TieteenalaLuokitus] ([TieteenalaID], [Koodi], [Nimi], [Alkamispaivmaara], [Paattymispaivamaara], [Luoja], [Luontipaivamaara], [Paivittaja], [Paivityspaivamaara]) VALUES (134, N'411', N'Maatalous ja metsätieteet', CAST(0x00008EAC00000000 AS DateTime), CAST(0x00012FDA00000000 AS DateTime), N'DWI\rrapo', CAST(0x045A557F26A13A0B00 AS DateTime2), NULL, NULL)
INSERT [dbo].[TieteenalaLuokitus] ([TieteenalaID], [Koodi], [Nimi], [Alkamispaivmaara], [Paattymispaivamaara], [Luoja], [Luontipaivamaara], [Paivittaja], [Paivityspaivamaara]) VALUES (135, N'4111', N'Maataloustiede', CAST(0x00008EAC00000000 AS DateTime), CAST(0x00012FDA00000000 AS DateTime), N'DWI\rrapo', CAST(0x045A557F26A13A0B00 AS DateTime2), NULL, NULL)
INSERT [dbo].[TieteenalaLuokitus] ([TieteenalaID], [Koodi], [Nimi], [Alkamispaivmaara], [Paattymispaivamaara], [Luoja], [Luontipaivamaara], [Paivittaja], [Paivityspaivamaara]) VALUES (136, N'4112', N'Metsätiede', CAST(0x00008EAC00000000 AS DateTime), CAST(0x00012FDA00000000 AS DateTime), N'DWI\rrapo', CAST(0x045A557F26A13A0B00 AS DateTime2), NULL, NULL)
INSERT [dbo].[TieteenalaLuokitus] ([TieteenalaID], [Koodi], [Nimi], [Alkamispaivmaara], [Paattymispaivamaara], [Luoja], [Luontipaivamaara], [Paivittaja], [Paivityspaivamaara]) VALUES (137, N'412', N'Kotieläintiede, maitotaloustiede', CAST(0x00008EAC00000000 AS DateTime), CAST(0x00012FDA00000000 AS DateTime), N'DWI\rrapo', CAST(0x045A557F26A13A0B00 AS DateTime2), NULL, NULL)
INSERT [dbo].[TieteenalaLuokitus] ([TieteenalaID], [Koodi], [Nimi], [Alkamispaivmaara], [Paattymispaivamaara], [Luoja], [Luontipaivamaara], [Paivittaja], [Paivityspaivamaara]) VALUES (138, N'413', N'Eläinlääketiede', CAST(0x00008EAC00000000 AS DateTime), CAST(0x00012FDA00000000 AS DateTime), N'DWI\rrapo', CAST(0x0482557F26A13A0B00 AS DateTime2), NULL, NULL)
INSERT [dbo].[TieteenalaLuokitus] ([TieteenalaID], [Koodi], [Nimi], [Alkamispaivmaara], [Paattymispaivamaara], [Luoja], [Luontipaivamaara], [Paivittaja], [Paivityspaivamaara]) VALUES (139, N'414', N'Maatalouden bioteknologia', CAST(0x00008EAC00000000 AS DateTime), CAST(0x00012FDA00000000 AS DateTime), N'DWI\rrapo', CAST(0x0482557F26A13A0B00 AS DateTime2), NULL, NULL)
INSERT [dbo].[TieteenalaLuokitus] ([TieteenalaID], [Koodi], [Nimi], [Alkamispaivmaara], [Paattymispaivamaara], [Luoja], [Luontipaivamaara], [Paivittaja], [Paivityspaivamaara]) VALUES (140, N'415', N'Muut maataloustieteet', CAST(0x00008EAC00000000 AS DateTime), CAST(0x00012FDA00000000 AS DateTime), N'DWI\rrapo', CAST(0x0482557F26A13A0B00 AS DateTime2), NULL, NULL)
INSERT [dbo].[TieteenalaLuokitus] ([TieteenalaID], [Koodi], [Nimi], [Alkamispaivmaara], [Paattymispaivamaara], [Luoja], [Luontipaivamaara], [Paivittaja], [Paivityspaivamaara]) VALUES (141, N'5', N'YHTEISKUNTATIETEET', CAST(0x00008EAC00000000 AS DateTime), CAST(0x00012FDA00000000 AS DateTime), N'DWI\rrapo', CAST(0x0482557F26A13A0B00 AS DateTime2), NULL, NULL)
INSERT [dbo].[TieteenalaLuokitus] ([TieteenalaID], [Koodi], [Nimi], [Alkamispaivmaara], [Paattymispaivamaara], [Luoja], [Luontipaivamaara], [Paivittaja], [Paivityspaivamaara]) VALUES (142, N'511', N'Kansantaloustiede', CAST(0x00008EAC00000000 AS DateTime), CAST(0x00012FDA00000000 AS DateTime), N'DWI\rrapo', CAST(0x0482557F26A13A0B00 AS DateTime2), NULL, NULL)
INSERT [dbo].[TieteenalaLuokitus] ([TieteenalaID], [Koodi], [Nimi], [Alkamispaivmaara], [Paattymispaivamaara], [Luoja], [Luontipaivamaara], [Paivittaja], [Paivityspaivamaara]) VALUES (143, N'512', N'Liiketaloustiede', CAST(0x00008EAC00000000 AS DateTime), CAST(0x00012FDA00000000 AS DateTime), N'DWI\rrapo', CAST(0x04A0557F26A13A0B00 AS DateTime2), NULL, NULL)
INSERT [dbo].[TieteenalaLuokitus] ([TieteenalaID], [Koodi], [Nimi], [Alkamispaivmaara], [Paattymispaivamaara], [Luoja], [Luontipaivamaara], [Paivittaja], [Paivityspaivamaara]) VALUES (144, N'513', N'Oikeustiede', CAST(0x00008EAC00000000 AS DateTime), CAST(0x00012FDA00000000 AS DateTime), N'DWI\rrapo', CAST(0x04A0557F26A13A0B00 AS DateTime2), NULL, NULL)
INSERT [dbo].[TieteenalaLuokitus] ([TieteenalaID], [Koodi], [Nimi], [Alkamispaivmaara], [Paattymispaivamaara], [Luoja], [Luontipaivamaara], [Paivittaja], [Paivityspaivamaara]) VALUES (145, N'514', N'Sosiaalitieteet', CAST(0x00008EAC00000000 AS DateTime), CAST(0x00012FDA00000000 AS DateTime), N'DWI\rrapo', CAST(0x04A0557F26A13A0B00 AS DateTime2), NULL, NULL)
INSERT [dbo].[TieteenalaLuokitus] ([TieteenalaID], [Koodi], [Nimi], [Alkamispaivmaara], [Paattymispaivamaara], [Luoja], [Luontipaivamaara], [Paivittaja], [Paivityspaivamaara]) VALUES (146, N'5141', N'Sosiologia', CAST(0x00008EAC00000000 AS DateTime), CAST(0x00012FDA00000000 AS DateTime), N'DWI\rrapo', CAST(0x04A0557F26A13A0B00 AS DateTime2), NULL, NULL)
INSERT [dbo].[TieteenalaLuokitus] ([TieteenalaID], [Koodi], [Nimi], [Alkamispaivmaara], [Paattymispaivamaara], [Luoja], [Luontipaivamaara], [Paivittaja], [Paivityspaivamaara]) VALUES (147, N'5142', N'Sosiaali- ja yhteiskuntapolitiikka', CAST(0x00008EAC00000000 AS DateTime), CAST(0x00012FDA00000000 AS DateTime), N'DWI\rrapo', CAST(0x04A0557F26A13A0B00 AS DateTime2), NULL, NULL)
INSERT [dbo].[TieteenalaLuokitus] ([TieteenalaID], [Koodi], [Nimi], [Alkamispaivmaara], [Paattymispaivamaara], [Luoja], [Luontipaivamaara], [Paivittaja], [Paivityspaivamaara]) VALUES (148, N'515', N'Psykologia', CAST(0x00008EAC00000000 AS DateTime), CAST(0x00012FDA00000000 AS DateTime), N'DWI\rrapo', CAST(0x04A0557F26A13A0B00 AS DateTime2), NULL, NULL)
INSERT [dbo].[TieteenalaLuokitus] ([TieteenalaID], [Koodi], [Nimi], [Alkamispaivmaara], [Paattymispaivamaara], [Luoja], [Luontipaivamaara], [Paivittaja], [Paivityspaivamaara]) VALUES (149, N'516', N'Kasvatustieteet', CAST(0x00008EAC00000000 AS DateTime), CAST(0x00012FDA00000000 AS DateTime), N'DWI\rrapo', CAST(0x04A0557F26A13A0B00 AS DateTime2), NULL, NULL)
INSERT [dbo].[TieteenalaLuokitus] ([TieteenalaID], [Koodi], [Nimi], [Alkamispaivmaara], [Paattymispaivamaara], [Luoja], [Luontipaivamaara], [Paivittaja], [Paivityspaivamaara]) VALUES (150, N'517', N'Valtio-oppi, hallintotiede', CAST(0x00008EAC00000000 AS DateTime), CAST(0x00012FDA00000000 AS DateTime), N'DWI\rrapo', CAST(0x04A0557F26A13A0B00 AS DateTime2), NULL, NULL)
INSERT [dbo].[TieteenalaLuokitus] ([TieteenalaID], [Koodi], [Nimi], [Alkamispaivmaara], [Paattymispaivamaara], [Luoja], [Luontipaivamaara], [Paivittaja], [Paivityspaivamaara]) VALUES (151, N'518', N'Media- ja viestintätieteet', CAST(0x00008EAC00000000 AS DateTime), CAST(0x00012FDA00000000 AS DateTime), N'DWI\rrapo', CAST(0x04A0557F26A13A0B00 AS DateTime2), NULL, NULL)
INSERT [dbo].[TieteenalaLuokitus] ([TieteenalaID], [Koodi], [Nimi], [Alkamispaivmaara], [Paattymispaivamaara], [Luoja], [Luontipaivamaara], [Paivittaja], [Paivityspaivamaara]) VALUES (152, N'519', N'Yhteiskuntamaantiede, talousmaantiede', CAST(0x00008EAC00000000 AS DateTime), CAST(0x00012FDA00000000 AS DateTime), N'DWI\rrapo', CAST(0x04A0557F26A13A0B00 AS DateTime2), NULL, NULL)
INSERT [dbo].[TieteenalaLuokitus] ([TieteenalaID], [Koodi], [Nimi], [Alkamispaivmaara], [Paattymispaivamaara], [Luoja], [Luontipaivamaara], [Paivittaja], [Paivityspaivamaara]) VALUES (153, N'520', N'Muut yhteiskuntatieteet', CAST(0x00008EAC00000000 AS DateTime), CAST(0x00012FDA00000000 AS DateTime), N'DWI\rrapo', CAST(0x04A0557F26A13A0B00 AS DateTime2), NULL, NULL)
INSERT [dbo].[TieteenalaLuokitus] ([TieteenalaID], [Koodi], [Nimi], [Alkamispaivmaara], [Paattymispaivamaara], [Luoja], [Luontipaivamaara], [Paivittaja], [Paivityspaivamaara]) VALUES (154, N'6', N'HUMANISTISET TIETEET', CAST(0x00008EAC00000000 AS DateTime), CAST(0x00012FDA00000000 AS DateTime), N'DWI\rrapo', CAST(0x04BE557F26A13A0B00 AS DateTime2), NULL, NULL)
INSERT [dbo].[TieteenalaLuokitus] ([TieteenalaID], [Koodi], [Nimi], [Alkamispaivmaara], [Paattymispaivamaara], [Luoja], [Luontipaivamaara], [Paivittaja], [Paivityspaivamaara]) VALUES (155, N'611', N'Filosofia', CAST(0x00008EAC00000000 AS DateTime), CAST(0x00012FDA00000000 AS DateTime), N'DWI\rrapo', CAST(0x04BE557F26A13A0B00 AS DateTime2), NULL, NULL)
INSERT [dbo].[TieteenalaLuokitus] ([TieteenalaID], [Koodi], [Nimi], [Alkamispaivmaara], [Paattymispaivamaara], [Luoja], [Luontipaivamaara], [Paivittaja], [Paivityspaivamaara]) VALUES (156, N'612', N'Kielitieteet, kirjallisuus', CAST(0x00008EAC00000000 AS DateTime), CAST(0x00012FDA00000000 AS DateTime), N'DWI\rrapo', CAST(0x04BE557F26A13A0B00 AS DateTime2), NULL, NULL)
INSERT [dbo].[TieteenalaLuokitus] ([TieteenalaID], [Koodi], [Nimi], [Alkamispaivmaara], [Paattymispaivamaara], [Luoja], [Luontipaivamaara], [Paivittaja], [Paivityspaivamaara]) VALUES (157, N'6121', N'Kielitieteet', CAST(0x00008EAC00000000 AS DateTime), CAST(0x00012FDA00000000 AS DateTime), N'DWI\rrapo', CAST(0x04BE557F26A13A0B00 AS DateTime2), NULL, NULL)
INSERT [dbo].[TieteenalaLuokitus] ([TieteenalaID], [Koodi], [Nimi], [Alkamispaivmaara], [Paattymispaivamaara], [Luoja], [Luontipaivamaara], [Paivittaja], [Paivityspaivamaara]) VALUES (158, N'6122', N'Kirjallisuuden tutkimus', CAST(0x00008EAC00000000 AS DateTime), CAST(0x00012FDA00000000 AS DateTime), N'DWI\rrapo', CAST(0x04BE557F26A13A0B00 AS DateTime2), NULL, NULL)
INSERT [dbo].[TieteenalaLuokitus] ([TieteenalaID], [Koodi], [Nimi], [Alkamispaivmaara], [Paattymispaivamaara], [Luoja], [Luontipaivamaara], [Paivittaja], [Paivityspaivamaara]) VALUES (159, N'613', N'Taiteiden tutkimus', CAST(0x00008EAC00000000 AS DateTime), CAST(0x00012FDA00000000 AS DateTime), N'DWI\rrapo', CAST(0x04BE557F26A13A0B00 AS DateTime2), NULL, NULL)
INSERT [dbo].[TieteenalaLuokitus] ([TieteenalaID], [Koodi], [Nimi], [Alkamispaivmaara], [Paattymispaivamaara], [Luoja], [Luontipaivamaara], [Paivittaja], [Paivityspaivamaara]) VALUES (160, N'6131', N'Teatteri, tanssi, musiikki, muut esittävät taiteet', CAST(0x00008EAC00000000 AS DateTime), CAST(0x00012FDA00000000 AS DateTime), N'DWI\rrapo', CAST(0x04BE557F26A13A0B00 AS DateTime2), NULL, NULL)
INSERT [dbo].[TieteenalaLuokitus] ([TieteenalaID], [Koodi], [Nimi], [Alkamispaivmaara], [Paattymispaivamaara], [Luoja], [Luontipaivamaara], [Paivittaja], [Paivityspaivamaara]) VALUES (161, N'6132', N'Kuvataide ja muotoilu', CAST(0x00008EAC00000000 AS DateTime), CAST(0x00012FDA00000000 AS DateTime), N'DWI\rrapo', CAST(0x04BE557F26A13A0B00 AS DateTime2), NULL, NULL)
INSERT [dbo].[TieteenalaLuokitus] ([TieteenalaID], [Koodi], [Nimi], [Alkamispaivmaara], [Paattymispaivamaara], [Luoja], [Luontipaivamaara], [Paivittaja], [Paivityspaivamaara]) VALUES (162, N'614', N'Teologia', CAST(0x00008EAC00000000 AS DateTime), CAST(0x00012FDA00000000 AS DateTime), N'DWI\rrapo', CAST(0x04E6557F26A13A0B00 AS DateTime2), NULL, NULL)
INSERT [dbo].[TieteenalaLuokitus] ([TieteenalaID], [Koodi], [Nimi], [Alkamispaivmaara], [Paattymispaivamaara], [Luoja], [Luontipaivamaara], [Paivittaja], [Paivityspaivamaara]) VALUES (163, N'615', N'Historia ja arkeologia', CAST(0x00008EAC00000000 AS DateTime), CAST(0x00012FDA00000000 AS DateTime), N'DWI\rrapo', CAST(0x04E6557F26A13A0B00 AS DateTime2), NULL, NULL)
INSERT [dbo].[TieteenalaLuokitus] ([TieteenalaID], [Koodi], [Nimi], [Alkamispaivmaara], [Paattymispaivamaara], [Luoja], [Luontipaivamaara], [Paivittaja], [Paivityspaivamaara]) VALUES (164, N'616', N'Muut humanistiset tieteet', CAST(0x00008EAC00000000 AS DateTime), CAST(0x00012FDA00000000 AS DateTime), N'DWI\rrapo', CAST(0x04E6557F26A13A0B00 AS DateTime2), NULL, NULL)
INSERT [dbo].[TieteenalaLuokitus] ([TieteenalaID], [Koodi], [Nimi], [Alkamispaivmaara], [Paattymispaivamaara], [Luoja], [Luontipaivamaara], [Paivittaja], [Paivityspaivamaara]) VALUES (165, N'9', N'MUUT', CAST(0x00008EAC00000000 AS DateTime), CAST(0x00012FDA00000000 AS DateTime), N'DWI\rrapo', CAST(0x04E6557F26A13A0B00 AS DateTime2), NULL, NULL)
INSERT [dbo].[TieteenalaLuokitus] ([TieteenalaID], [Koodi], [Nimi], [Alkamispaivmaara], [Paattymispaivamaara], [Luoja], [Luontipaivamaara], [Paivittaja], [Paivityspaivamaara]) VALUES (166, N'999', N'Muut', CAST(0x00008EAC00000000 AS DateTime), CAST(0x00012FDA00000000 AS DateTime), N'DWI\rrapo', CAST(0x04E6557F26A13A0B00 AS DateTime2), NULL, NULL)
SET IDENTITY_INSERT [dbo].[TieteenalaLuokitus] OFF
SET IDENTITY_INSERT [dbo].[JulkaisunTieteenala] ON

INSERT [dbo].[JulkaisunTieteenala] ([JTieteenalaID], [JulkaisuID], [TieteenalaID], [Jnro], [Luoja], [Luontipaivamaara], [Paivittaja], [Paivityspaivamaara]) VALUES (841270, 755289, 127, 1, N'DWI\rrapo', CAST(0x04F227821DBB3A0B00 AS DateTime2), NULL, NULL)
INSERT [dbo].[JulkaisunTieteenala] ([JTieteenalaID], [JulkaisuID], [TieteenalaID], [Jnro], [Luoja], [Luontipaivamaara], [Paivittaja], [Paivityspaivamaara]) VALUES (841271, 755290, 115, 1, N'DWI\rrapo', CAST(0x04F227821DBB3A0B00 AS DateTime2), NULL, NULL)
INSERT [dbo].[JulkaisunTieteenala] ([JTieteenalaID], [JulkaisuID], [TieteenalaID], [Jnro], [Luoja], [Luontipaivamaara], [Paivittaja], [Paivityspaivamaara]) VALUES (841272, 755290, 119, 2, N'DWI\rrapo', CAST(0x04F227821DBB3A0B00 AS DateTime2), NULL, NULL)
INSERT [dbo].[JulkaisunTieteenala] ([JTieteenalaID], [JulkaisuID], [TieteenalaID], [Jnro], [Luoja], [Luontipaivamaara], [Paivittaja], [Paivityspaivamaara]) VALUES (841273, 755291, 88, 1, N'DWI\rrapo', CAST(0x04F227821DBB3A0B00 AS DateTime2), NULL, NULL)
INSERT [dbo].[JulkaisunTieteenala] ([JTieteenalaID], [JulkaisuID], [TieteenalaID], [Jnro], [Luoja], [Luontipaivamaara], [Paivittaja], [Paivityspaivamaara]) VALUES (841274, 755292, 149, 1, N'DWI\rrapo', CAST(0x04F227821DBB3A0B00 AS DateTime2), NULL, NULL)
INSERT [dbo].[JulkaisunTieteenala] ([JTieteenalaID], [JulkaisuID], [TieteenalaID], [Jnro], [Luoja], [Luontipaivamaara], [Paivittaja], [Paivityspaivamaara]) VALUES (841275, 755293, 87, 1, N'DWI\rrapo', CAST(0x04F227821DBB3A0B00 AS DateTime2), NULL, NULL)
INSERT [dbo].[JulkaisunTieteenala] ([JTieteenalaID], [JulkaisuID], [TieteenalaID], [Jnro], [Luoja], [Luontipaivamaara], [Paivittaja], [Paivityspaivamaara]) VALUES (841276, 755294, 150, 1, N'DWI\rrapo', CAST(0x04F227821DBB3A0B00 AS DateTime2), NULL, NULL)
INSERT [dbo].[JulkaisunTieteenala] ([JTieteenalaID], [JulkaisuID], [TieteenalaID], [Jnro], [Luoja], [Luontipaivamaara], [Paivittaja], [Paivityspaivamaara]) VALUES (841277, 755295, 163, 1, N'DWI\rrapo', CAST(0x04F227821DBB3A0B00 AS DateTime2), NULL, NULL)
INSERT [dbo].[JulkaisunTieteenala] ([JTieteenalaID], [JulkaisuID], [TieteenalaID], [Jnro], [Luoja], [Luontipaivamaara], [Paivittaja], [Paivityspaivamaara]) VALUES (841278, 755296, 153, 1, N'DWI\rrapo', CAST(0x04F227821DBB3A0B00 AS DateTime2), NULL, NULL)
INSERT [dbo].[JulkaisunTieteenala] ([JTieteenalaID], [JulkaisuID], [TieteenalaID], [Jnro], [Luoja], [Luontipaivamaara], [Paivittaja], [Paivityspaivamaara]) VALUES (841279, 755297, 88, 1, N'DWI\rrapo', CAST(0x04F227821DBB3A0B00 AS DateTime2), NULL, NULL)
INSERT [dbo].[JulkaisunTieteenala] ([JTieteenalaID], [JulkaisuID], [TieteenalaID], [Jnro], [Luoja], [Luontipaivamaara], [Paivittaja], [Paivityspaivamaara]) VALUES (841280, 755297, 89, 2, N'DWI\rrapo', CAST(0x04F227821DBB3A0B00 AS DateTime2), NULL, NULL)
INSERT [dbo].[JulkaisunTieteenala] ([JTieteenalaID], [JulkaisuID], [TieteenalaID], [Jnro], [Luoja], [Luontipaivamaara], [Paivittaja], [Paivityspaivamaara]) VALUES (841281, 755298, 163, 1, N'DWI\rrapo', CAST(0x04F227821DBB3A0B00 AS DateTime2), NULL, NULL)
INSERT [dbo].[JulkaisunTieteenala] ([JTieteenalaID], [JulkaisuID], [TieteenalaID], [Jnro], [Luoja], [Luontipaivamaara], [Paivittaja], [Paivityspaivamaara]) VALUES (841282, 755299, 88, 1, N'DWI\rrapo', CAST(0x04F227821DBB3A0B00 AS DateTime2), NULL, NULL)
INSERT [dbo].[JulkaisunTieteenala] ([JTieteenalaID], [JulkaisuID], [TieteenalaID], [Jnro], [Luoja], [Luontipaivamaara], [Paivittaja], [Paivityspaivamaara]) VALUES (841283, 755300, 102, 1, N'DWI\rrapo', CAST(0x04F227821DBB3A0B00 AS DateTime2), NULL, NULL)
INSERT [dbo].[JulkaisunTieteenala] ([JTieteenalaID], [JulkaisuID], [TieteenalaID], [Jnro], [Luoja], [Luontipaivamaara], [Paivittaja], [Paivityspaivamaara]) VALUES (841284, 755301, 115, 1, N'DWI\rrapo', CAST(0x04F227821DBB3A0B00 AS DateTime2), NULL, NULL)
INSERT [dbo].[JulkaisunTieteenala] ([JTieteenalaID], [JulkaisuID], [TieteenalaID], [Jnro], [Luoja], [Luontipaivamaara], [Paivittaja], [Paivityspaivamaara]) VALUES (841285, 755301, 119, 2, N'DWI\rrapo', CAST(0x04F227821DBB3A0B00 AS DateTime2), NULL, NULL)
SET IDENTITY_INSERT [dbo].[JulkaisunTieteenala] OFF
SET IDENTITY_INSERT [dbo].[Avainsanat] ON

INSERT [dbo].[Avainsanat] ([AvainsanaID], [JulkaisuID], [Sana], [Luoja], [Luontipaivamaara], [Paivittaja], [Paivityspaivamaara]) VALUES (11, 755295, N'Rooma', N'DWI\rrapo', CAST(0x04560F821DBB3A0B00 AS DateTime2), NULL, NULL)
INSERT [dbo].[Avainsanat] ([AvainsanaID], [JulkaisuID], [Sana], [Luoja], [Luontipaivamaara], [Paivittaja], [Paivityspaivamaara]) VALUES (12, 755295, N'Historia', N'DWI\rrapo', CAST(0x04560F821DBB3A0B00 AS DateTime2), NULL, NULL)
SET IDENTITY_INSERT [dbo].[Avainsanat] OFF
SET IDENTITY_INSERT [dbo].[ISBN] ON

INSERT [dbo].[ISBN] ([ISBNID], [JulkaisuID], [ISBN], [Luoja], [Luontipaivamaara], [Paivittaja], [Paivityspaivamaara]) VALUES (165023, 755292, N'978-952-61-1328-9', N'DWI\rrapo', CAST(0x04564B821DBB3A0B00 AS DateTime2), NULL, NULL)
INSERT [dbo].[ISBN] ([ISBNID], [JulkaisuID], [ISBN], [Luoja], [Luontipaivamaara], [Paivittaja], [Paivityspaivamaara]) VALUES (165024, 755289, NULL, N'DWI\rrapo', CAST(0x04564B821DBB3A0B00 AS DateTime2), NULL, NULL)
INSERT [dbo].[ISBN] ([ISBNID], [JulkaisuID], [ISBN], [Luoja], [Luontipaivamaara], [Paivittaja], [Paivityspaivamaara]) VALUES (165025, 755290, NULL, N'DWI\rrapo', CAST(0x04564B821DBB3A0B00 AS DateTime2), NULL, NULL)
INSERT [dbo].[ISBN] ([ISBNID], [JulkaisuID], [ISBN], [Luoja], [Luontipaivamaara], [Paivittaja], [Paivityspaivamaara]) VALUES (165026, 755291, NULL, N'DWI\rrapo', CAST(0x04564B821DBB3A0B00 AS DateTime2), NULL, NULL)
INSERT [dbo].[ISBN] ([ISBNID], [JulkaisuID], [ISBN], [Luoja], [Luontipaivamaara], [Paivittaja], [Paivityspaivamaara]) VALUES (165027, 755293, NULL, N'DWI\rrapo', CAST(0x04564B821DBB3A0B00 AS DateTime2), NULL, NULL)
INSERT [dbo].[ISBN] ([ISBNID], [JulkaisuID], [ISBN], [Luoja], [Luontipaivamaara], [Paivittaja], [Paivityspaivamaara]) VALUES (165028, 755294, NULL, N'DWI\rrapo', CAST(0x04564B821DBB3A0B00 AS DateTime2), NULL, NULL)
INSERT [dbo].[ISBN] ([ISBNID], [JulkaisuID], [ISBN], [Luoja], [Luontipaivamaara], [Paivittaja], [Paivityspaivamaara]) VALUES (165029, 755295, NULL, N'DWI\rrapo', CAST(0x04564B821DBB3A0B00 AS DateTime2), NULL, NULL)
INSERT [dbo].[ISBN] ([ISBNID], [JulkaisuID], [ISBN], [Luoja], [Luontipaivamaara], [Paivittaja], [Paivityspaivamaara]) VALUES (165030, 755296, N'978-952-48-5837-3', N'DWI\rrapo', CAST(0x04564B821DBB3A0B00 AS DateTime2), NULL, NULL)
INSERT [dbo].[ISBN] ([ISBNID], [JulkaisuID], [ISBN], [Luoja], [Luontipaivamaara], [Paivittaja], [Paivityspaivamaara]) VALUES (165031, 755297, NULL, N'DWI\rrapo', CAST(0x04564B821DBB3A0B00 AS DateTime2), NULL, NULL)
INSERT [dbo].[ISBN] ([ISBNID], [JulkaisuID], [ISBN], [Luoja], [Luontipaivamaara], [Paivittaja], [Paivityspaivamaara]) VALUES (165032, 755301, NULL, N'DWI\rrapo', CAST(0x04564B821DBB3A0B00 AS DateTime2), NULL, NULL)
INSERT [dbo].[ISBN] ([ISBNID], [JulkaisuID], [ISBN], [Luoja], [Luontipaivamaara], [Paivittaja], [Paivityspaivamaara]) VALUES (165033, 755298, NULL, N'DWI\rrapo', CAST(0x04564B821DBB3A0B00 AS DateTime2), NULL, NULL)
INSERT [dbo].[ISBN] ([ISBNID], [JulkaisuID], [ISBN], [Luoja], [Luontipaivamaara], [Paivittaja], [Paivityspaivamaara]) VALUES (165034, 755299, NULL, N'DWI\rrapo', CAST(0x04564B821DBB3A0B00 AS DateTime2), NULL, NULL)
INSERT [dbo].[ISBN] ([ISBNID], [JulkaisuID], [ISBN], [Luoja], [Luontipaivamaara], [Paivittaja], [Paivityspaivamaara]) VALUES (165035, 755300, N'978-838-93-3351-3', N'DWI\rrapo', CAST(0x04564B821DBB3A0B00 AS DateTime2), NULL, NULL)
SET IDENTITY_INSERT [dbo].[ISBN] OFF
SET IDENTITY_INSERT [dbo].[ISSN] ON

INSERT [dbo].[ISSN] ([ISSNID], [JulkaisuID], [ISSN], [Luoja], [Luontipaivamaara], [Paivittaja], [Paivityspaivamaara]) VALUES (430926, 755289, N'0780-2218', N'DWI\rrapo', CAST(0x043044821DBB3A0B00 AS DateTime2), NULL, NULL)
INSERT [dbo].[ISSN] ([ISSNID], [JulkaisuID], [ISSN], [Luoja], [Luontipaivamaara], [Paivittaja], [Paivityspaivamaara]) VALUES (430927, 755290, N'1045-2257', N'DWI\rrapo', CAST(0x043044821DBB3A0B00 AS DateTime2), NULL, NULL)
INSERT [dbo].[ISSN] ([ISSNID], [JulkaisuID], [ISSN], [Luoja], [Luontipaivamaara], [Paivittaja], [Paivityspaivamaara]) VALUES (430928, 755292, N'1798-5641', N'DWI\rrapo', CAST(0x043044821DBB3A0B00 AS DateTime2), NULL, NULL)
INSERT [dbo].[ISSN] ([ISSNID], [JulkaisuID], [ISSN], [Luoja], [Luontipaivamaara], [Paivittaja], [Paivityspaivamaara]) VALUES (430929, 755293, N'1546-4261', N'DWI\rrapo', CAST(0x043044821DBB3A0B00 AS DateTime2), NULL, NULL)
INSERT [dbo].[ISSN] ([ISSNID], [JulkaisuID], [ISSN], [Luoja], [Luontipaivamaara], [Paivittaja], [Paivityspaivamaara]) VALUES (430930, 755294, N'0355-6913', N'DWI\rrapo', CAST(0x043044821DBB3A0B00 AS DateTime2), NULL, NULL)
INSERT [dbo].[ISSN] ([ISSNID], [JulkaisuID], [ISSN], [Luoja], [Luontipaivamaara], [Paivittaja], [Paivityspaivamaara]) VALUES (430931, 755297, N'1234-8329', N'DWI\rrapo', CAST(0x043044821DBB3A0B00 AS DateTime2), NULL, NULL)
INSERT [dbo].[ISSN] ([ISSNID], [JulkaisuID], [ISSN], [Luoja], [Luontipaivamaara], [Paivittaja], [Paivityspaivamaara]) VALUES (430932, 755301, N'1045-2257', N'DWI\rrapo', CAST(0x043044821DBB3A0B00 AS DateTime2), NULL, NULL)
INSERT [dbo].[ISSN] ([ISSNID], [JulkaisuID], [ISSN], [Luoja], [Luontipaivamaara], [Paivittaja], [Paivityspaivamaara]) VALUES (430933, 755299, N'1550-7998', N'DWI\rrapo', CAST(0x043044821DBB3A0B00 AS DateTime2), NULL, NULL)
SET IDENTITY_INSERT [dbo].[ISSN] OFF
SET IDENTITY_INSERT [dbo].[JulkaisutXML] ON

INSERT [dbo].[JulkaisutXML] ([JulkaisuXMLid], [JulkaisuID], [xmldata], [Luoja], [Luontipaivamaara], [Paivittaja], [Paivityspaivamaara]) VALUES (982263, 755291, N'<Julkaisu><OrganisaatioTunnus>31313</OrganisaatioTunnus><IlmoitusVuosi>2014</IlmoitusVuosi><JulkaisunTunnus>31313:3123555:2014</JulkaisunTunnus><JulkaisunOrgTunnus>3123555</JulkaisunOrgTunnus><JulkaisunOrgYksikot><YksikkoKoodi>T405</YksikkoKoodi><YksikkoKoodi>T406</YksikkoKoodi><YksikkoKoodi>T407</YksikkoKoodi></JulkaisunOrgYksikot><JulkaisuVuosi>2014</JulkaisuVuosi><JulkaisunNimi>Characterization of winter aerosols in the Helsinki region by TEM/EDX individual particle analysis</JulkaisunNimi><TekijatiedotTeksti>Virtanen, Pekka; Hiltunen, Mika</TekijatiedotTeksti><JufoTunnus>73476</JufoTunnus><JulkaisumaaKoodi>203</JulkaisumaaKoodi><LehdenNimi>European Aerosol Conference</LehdenNimi><KonferenssinNimi>European aerosol conference</KonferenssinNimi><EmojulkaisunNimi>EAC 2013, European Aerosol Conference, 1-6 September 2013, Prague, Czech Republic</EmojulkaisunNimi><JulkaisutyyppiKoodi>B3</JulkaisutyyppiKoodi><TieteenalaKoodit><TieteenalaKoodi JNro="1">114</TieteenalaKoodi></TieteenalaKoodit><KoulutusalaKoodit><KoulutusalaKoodi JNro="1">89</KoulutusalaKoodi></KoulutusalaKoodit><YhteisjulkaisuKVKytkin>0</YhteisjulkaisuKVKytkin><YhteisjulkaisuSHPKytkin>0</YhteisjulkaisuSHPKytkin><YhteisjulkaisuTutkimuslaitosKytkin>0</YhteisjulkaisuTutkimuslaitosKytkin><YhteisjulkaisuMuuKytkin>1</YhteisjulkaisuMuuKytkin><JulkaisunKansainvalisyysKytkin>0</JulkaisunKansainvalisyysKytkin><JulkaisunKieliKoodi>en</JulkaisunKieliKoodi><AvoinSaatavuusKoodi>0</AvoinSaatavuusKoodi><EVOjulkaisuKytkin>0</EVOjulkaisuKytkin></Julkaisu>', N'DWI\rrapo', CAST(0x043A726822BB3A0B00 AS DateTime2), NULL, NULL)
INSERT [dbo].[JulkaisutXML] ([JulkaisuXMLid], [JulkaisuID], [xmldata], [Luoja], [Luontipaivamaara], [Paivittaja], [Paivityspaivamaara]) VALUES (982264, 755290, N'<Julkaisu><OrganisaatioTunnus>31313</OrganisaatioTunnus><IlmoitusVuosi>2014</IlmoitusVuosi><JulkaisunTunnus>31313:RE02:2014</JulkaisunTunnus><JulkaisunOrgTunnus>RE02</JulkaisunOrgTunnus><JulkaisuVuosi>2014</JulkaisuVuosi><JulkaisunNimi>19q13 amplification is associated with high grade and stage in pancreatic cancer</JulkaisunNimi><TekijatiedotTeksti>Kuuselo, Riina; Simon, Ronald; Karhu, Ritva; Tennstedt, Pierre; Marx, Andreas H.; Izbicki, Jakob R.; Yekebas, Emre; Sauter, Guido; Kallioniemi, Anne</TekijatiedotTeksti><SivunumeroTeksti>569-575</SivunumeroTeksti><JufoTunnus>56446</JufoTunnus><JulkaisumaaKoodi>826</JulkaisumaaKoodi><LehdenNimi>Genes, Chromosomes &amp; Cancer</LehdenNimi><ISSN>1045-2257</ISSN><VolyymiTeksti>49</VolyymiTeksti><LehdenNumeroTeksti>6</LehdenNumeroTeksti><JulkaisutyyppiKoodi>A1</JulkaisutyyppiKoodi><TieteenalaKoodit><TieteenalaKoodi JNro="1">3111</TieteenalaKoodi><TieteenalaKoodi JNro="2">3122</TieteenalaKoodi></TieteenalaKoodit><KoulutusalaKoodit><KoulutusalaKoodi JNro="1">90</KoulutusalaKoodi></KoulutusalaKoodit><YhteisjulkaisuKVKytkin>1</YhteisjulkaisuKVKytkin><YhteisjulkaisuSHPKytkin>0</YhteisjulkaisuSHPKytkin><YhteisjulkaisuTutkimuslaitosKytkin>0</YhteisjulkaisuTutkimuslaitosKytkin><YhteisjulkaisuMuuKytkin>0</YhteisjulkaisuMuuKytkin><JulkaisunKansainvalisyysKytkin>1</JulkaisunKansainvalisyysKytkin><JulkaisunKieliKoodi>en</JulkaisunKieliKoodi><AvoinSaatavuusKoodi>2</AvoinSaatavuusKoodi><EVOjulkaisuKytkin>1</EVOjulkaisuKytkin><DOI>10.1002/gcc.20767</DOI><PysyvaOsoiteTeksti>http://onlinelibrary.wiley.com/doi/10.1002/gcc.20767/abstract</PysyvaOsoiteTeksti><Tekijat><Tekija><Sukunimi>Kallioniemi</Sukunimi><Etunimet>Anne</Etunimet><Yksikot><YksikkoKoodi>T307</YksikkoKoodi><YksikkoKoodi>T307</YksikkoKoodi></Yksikot></Tekija><Tekija><Sukunimi>Kuuselo</Sukunimi><Etunimet>Riina</Etunimet><Yksikot><YksikkoKoodi>T305</YksikkoKoodi><YksikkoKoodi>T305</YksikkoKoodi></Yksikot></Tekija></Tekijat></Julkaisu>', N'DWI\rrapo', CAST(0x043A726822BB3A0B00 AS DateTime2), NULL, NULL)
INSERT [dbo].[JulkaisutXML] ([JulkaisuXMLid], [JulkaisuID], [xmldata], [Luoja], [Luontipaivamaara], [Paivittaja], [Paivityspaivamaara]) VALUES (982265, 755298, N'<Julkaisu><OrganisaatioTunnus>31313</OrganisaatioTunnus><IlmoitusVuosi>2014</IlmoitusVuosi><JulkaisunTunnus>31313:RE03:2014</JulkaisunTunnus><JulkaisunOrgTunnus>RE03</JulkaisunOrgTunnus><JulkaisuVuosi>2014</JulkaisuVuosi><JulkaisunNimi>Faith and Religion</JulkaisunNimi><TekijatiedotTeksti>Kuuselo, Riina; Simon, Ronald; Karhu, Ritva; Tennstedt, Pierre; Marx, Andreas H.; Izbicki, Jakob R.; Yekebas, Emre; Sauter, Guido; Kallioniemi, Anne</TekijatiedotTeksti><SivunumeroTeksti>133-151</SivunumeroTeksti><JufoTunnus>5123</JufoTunnus><JulkaisumaaKoodi>826</JulkaisumaaKoodi><LehdenNimi>Genes, Chromosomes &amp; Cancer</LehdenNimi><KustannuspaikkaTeksti>Oxford</KustannuspaikkaTeksti><EmojulkaisunNimi>A Cultural History of Childhood and Family in Antiquity</EmojulkaisunNimi><EmojulkaisunToimittajatTeksti>Harlow, Mary; Laurence, Ray</EmojulkaisunToimittajatTeksti><JulkaisutyyppiKoodi>A3</JulkaisutyyppiKoodi><TieteenalaKoodit><TieteenalaKoodi JNro="1">615</TieteenalaKoodi></TieteenalaKoodit><KoulutusalaKoodit><KoulutusalaKoodi JNro="3">89</KoulutusalaKoodi><KoulutusalaKoodi JNro="1">76</KoulutusalaKoodi><KoulutusalaKoodi JNro="2">90</KoulutusalaKoodi></KoulutusalaKoodit><YhteisjulkaisuKVKytkin>0</YhteisjulkaisuKVKytkin><YhteisjulkaisuSHPKytkin>0</YhteisjulkaisuSHPKytkin><YhteisjulkaisuTutkimuslaitosKytkin>0</YhteisjulkaisuTutkimuslaitosKytkin><YhteisjulkaisuMuuKytkin>0</YhteisjulkaisuMuuKytkin><JulkaisunKansainvalisyysKytkin>0</JulkaisunKansainvalisyysKytkin><JulkaisunKieliKoodi>en</JulkaisunKieliKoodi><AvoinSaatavuusKoodi>0</AvoinSaatavuusKoodi><EVOjulkaisuKytkin>0</EVOjulkaisuKytkin><Tekijat><Tekija><Sukunimi>Vuolanto</Sukunimi><Etunimet>Ville</Etunimet><Yksikot><YksikkoKoodi>T301</YksikkoKoodi></Yksikot></Tekija></Tekijat></Julkaisu>', N'DWI\rrapo', CAST(0x043A726822BB3A0B00 AS DateTime2), NULL, NULL)
INSERT [dbo].[JulkaisutXML] ([JulkaisuXMLid], [JulkaisuID], [xmldata], [Luoja], [Luontipaivamaara], [Paivittaja], [Paivityspaivamaara]) VALUES (982266, 755293, N'<Julkaisu><OrganisaatioTunnus>31313</OrganisaatioTunnus><IlmoitusVuosi>2014</IlmoitusVuosi><JulkaisunTunnus>31313:RE04:2014</JulkaisunTunnus><JulkaisunOrgTunnus>RE04</JulkaisunOrgTunnus><JulkaisuVuosi>2014</JulkaisuVuosi><JulkaisunNimi>Virtual proximity and facial expressions of computer agents regulate human emotions and attention</JulkaisunNimi><TekijatiedotTeksti>Vanhala, Toni; Surakka, Veikko; Siirtola, Harri;  R??ih??, Kari-Jouko</TekijatiedotTeksti><SivunumeroTeksti>215-224</SivunumeroTeksti><JufoTunnus>53921</JufoTunnus><LehdenNimi>Computer Animation and Virtual Worlds</LehdenNimi><ISSN>1546-4261</ISSN><VolyymiTeksti>21</VolyymiTeksti><LehdenNumeroTeksti>5</LehdenNumeroTeksti><JulkaisutyyppiKoodi>A1</JulkaisutyyppiKoodi><TieteenalaKoodit><TieteenalaKoodi JNro="1">113</TieteenalaKoodi></TieteenalaKoodit><KoulutusalaKoodit><KoulutusalaKoodi JNro="1">89</KoulutusalaKoodi></KoulutusalaKoodit><YhteisjulkaisuKVKytkin>0</YhteisjulkaisuKVKytkin><YhteisjulkaisuSHPKytkin>0</YhteisjulkaisuSHPKytkin><YhteisjulkaisuTutkimuslaitosKytkin>0</YhteisjulkaisuTutkimuslaitosKytkin><YhteisjulkaisuMuuKytkin>0</YhteisjulkaisuMuuKytkin><JulkaisunKansainvalisyysKytkin>0</JulkaisunKansainvalisyysKytkin><JulkaisunKieliKoodi>en</JulkaisunKieliKoodi><AvoinSaatavuusKoodi>2</AvoinSaatavuusKoodi><EVOjulkaisuKytkin>0</EVOjulkaisuKytkin><DOI>10.1002/cav.366</DOI><PysyvaOsoiteTeksti>http://onlinelibrary.wiley.com/doi/10.1002/cav.366/abstract</PysyvaOsoiteTeksti><Tekijat><Tekija><Sukunimi>Siirtola</Sukunimi><Etunimet>Harri</Etunimet><Yksikot><YksikkoKoodi>T305</YksikkoKoodi></Yksikot></Tekija><Tekija><Sukunimi>R??ih??</Sukunimi><Etunimet>Kari-Jouko</Etunimet><Yksikot><YksikkoKoodi>T305</YksikkoKoodi></Yksikot></Tekija><Tekija><Sukunimi>Vanhala</Sukunimi><Etunimet>Toni</Etunimet><Yksikot><YksikkoKoodi>T305</YksikkoKoodi></Yksikot></Tekija><Tekija><Sukunimi>Surakka</Sukunimi><Etunimet>Veikko</Etunimet><Yksikot><YksikkoKoodi>T305</YksikkoKoodi></Yksikot></Tekija></Tekijat></Julkaisu>', N'DWI\rrapo', CAST(0x043A726822BB3A0B00 AS DateTime2), NULL, NULL)
INSERT [dbo].[JulkaisutXML] ([JulkaisuXMLid], [JulkaisuID], [xmldata], [Luoja], [Luontipaivamaara], [Paivittaja], [Paivityspaivamaara]) VALUES (982267, 755299, N'<Julkaisu><OrganisaatioTunnus>31313</OrganisaatioTunnus><IlmoitusVuosi>2014</IlmoitusVuosi><JulkaisunTunnus>31313:RE05:2014</JulkaisunTunnus><JulkaisunOrgTunnus>RE05</JulkaisunOrgTunnus><JulkaisuVuosi>2014</JulkaisuVuosi><JulkaisunNimi>Studying the underlying event in Drell-Yan and high transverse momentum jet production at the Tevatron</JulkaisunNimi><TekijatiedotTeksti>Collaboration TCDF; Aaltonen, T; Adelman, J; Gonzalez, BA; Amerio, S; Amidei, D; Anastassov, A; Annovi, A; Antos, J; Apollinari, G; Apresyan, A; Arisawa, T; Artikov, A ;Asaadi, J; Ashmanskas, W; Attal, A; Aurisano, A; Azfar, F; Badgett, W; Barbaro-Galtieri, A;Barnes, VE; et al</TekijatiedotTeksti><Artikkelinumero>34001</Artikkelinumero><JufoTunnus>65026</JufoTunnus><LehdenNimi>Physical Review D : Particles, Fields, Gravitation and Cosmology</LehdenNimi><ISSN>1550-7998</ISSN><VolyymiTeksti>82</VolyymiTeksti><LehdenNumeroTeksti>3</LehdenNumeroTeksti><JulkaisutyyppiKoodi>A1</JulkaisutyyppiKoodi><TieteenalaKoodit><TieteenalaKoodi JNro="1">114</TieteenalaKoodi></TieteenalaKoodit><KoulutusalaKoodit><KoulutusalaKoodi JNro="1">87</KoulutusalaKoodi></KoulutusalaKoodit><YhteisjulkaisuKVKytkin>1</YhteisjulkaisuKVKytkin><YhteisjulkaisuSHPKytkin>0</YhteisjulkaisuSHPKytkin><YhteisjulkaisuTutkimuslaitosKytkin>0</YhteisjulkaisuTutkimuslaitosKytkin><YhteisjulkaisuMuuKytkin>1</YhteisjulkaisuMuuKytkin><JulkaisunKansainvalisyysKytkin>1</JulkaisunKansainvalisyysKytkin><JulkaisunKieliKoodi>en</JulkaisunKieliKoodi><AvoinSaatavuusKoodi>2</AvoinSaatavuusKoodi><EVOjulkaisuKytkin>0</EVOjulkaisuKytkin><DOI>10.1103/PhysRevD.82.034001</DOI><PysyvaOsoiteTeksti>http://dx.doi.org/10.1103/PhysRevD.82.034001</PysyvaOsoiteTeksti><Tekijat><Tekija><Sukunimi>Saarikko</Sukunimi><Etunimet>Heimo</Etunimet><Yksikot><YksikkoKoodi>T405</YksikkoKoodi></Yksikot></Tekija><Tekija><Sukunimi>Österberg</Sukunimi><Etunimet>Kenneth</Etunimet><Yksikot><YksikkoKoodi>T405</YksikkoKoodi></Yksikot></Tekija><Tekija><Sukunimi>Mehtälä</Sukunimi><Etunimet>Markku-Petteri</Etunimet><Yksikot><YksikkoKoodi>T401</YksikkoKoodi></Yksikot></Tekija><Tekija><Sukunimi>Orava</Sukunimi><Etunimet>Risto</Etunimet><Yksikot><YksikkoKoodi>T405</YksikkoKoodi></Yksikot></Tekija><Tekija><Sukunimi>Aaltonen</Sukunimi><Etunimet>Timo Antero</Etunimet><Yksikot><YksikkoKoodi>T401</YksikkoKoodi></Yksikot></Tekija></Tekijat></Julkaisu>', N'DWI\rrapo', CAST(0x043A726822BB3A0B00 AS DateTime2), NULL, NULL)
INSERT [dbo].[JulkaisutXML] ([JulkaisuXMLid], [JulkaisuID], [xmldata], [Luoja], [Luontipaivamaara], [Paivittaja], [Paivityspaivamaara]) VALUES (982268, 755300, N'<Julkaisu><OrganisaatioTunnus>31313</OrganisaatioTunnus><IlmoitusVuosi>2014</IlmoitusVuosi><JulkaisunTunnus>31313:RE06:2014</JulkaisunTunnus><JulkaisunOrgTunnus>RE06</JulkaisunOrgTunnus><JulkaisuVuosi>2014</JulkaisuVuosi><JulkaisunNimi>Advanced analysis implementation to integrated fire design</JulkaisunNimi><TekijatiedotTeksti>Nieminen, Matti</TekijatiedotTeksti><SivunumeroTeksti>151-174</SivunumeroTeksti><ISBN>978-838-93-3351-3</ISBN><JufoTunnus>79374</JufoTunnus><JulkaisumaaKoodi>616</JulkaisumaaKoodi><LehdenNimi>International Conference on Computer Methods in Mechanics</LehdenNimi><KonferenssinNimi>International conference on computer methods in mechanics</KonferenssinNimi><KustannuspaikkaTeksti>Poznan</KustannuspaikkaTeksti><EmojulkaisunNimi>20 th International Conference on Computer Methods in Mechanics, Short Papers. CMM-2013, 27-31 August 2013, Poznan, Poland 2013</EmojulkaisunNimi><JulkaisutyyppiKoodi>A4</JulkaisutyyppiKoodi><TieteenalaKoodit><TieteenalaKoodi JNro="1">212</TieteenalaKoodi></TieteenalaKoodit><KoulutusalaKoodit><KoulutusalaKoodi JNro="1">89</KoulutusalaKoodi></KoulutusalaKoodit><YhteisjulkaisuKVKytkin>0</YhteisjulkaisuKVKytkin><YhteisjulkaisuSHPKytkin>0</YhteisjulkaisuSHPKytkin><YhteisjulkaisuTutkimuslaitosKytkin>0</YhteisjulkaisuTutkimuslaitosKytkin><YhteisjulkaisuMuuKytkin>0</YhteisjulkaisuMuuKytkin><JulkaisunKansainvalisyysKytkin>0</JulkaisunKansainvalisyysKytkin><JulkaisunKieliKoodi>en</JulkaisunKieliKoodi><AvoinSaatavuusKoodi>0</AvoinSaatavuusKoodi><EVOjulkaisuKytkin>0</EVOjulkaisuKytkin><Tekijat><Tekija><Sukunimi>Nieminen</Sukunimi><Etunimet>Matti</Etunimet><Yksikot><YksikkoKoodi>T301</YksikkoKoodi></Yksikot></Tekija></Tekijat></Julkaisu>', N'DWI\rrapo', CAST(0x043A726822BB3A0B00 AS DateTime2), NULL, NULL)
INSERT [dbo].[JulkaisutXML] ([JulkaisuXMLid], [JulkaisuID], [xmldata], [Luoja], [Luontipaivamaara], [Paivittaja], [Paivityspaivamaara]) VALUES (982269, 755292, N'<Julkaisu><OrganisaatioTunnus>31313</OrganisaatioTunnus><IlmoitusVuosi>2014</IlmoitusVuosi><JulkaisunTunnus>31313:RE07:2014</JulkaisunTunnus><JulkaisunOrgTunnus>RE07</JulkaisunOrgTunnus><JulkaisuVuosi>2014</JulkaisuVuosi><JulkaisunNimi>Daisy-äänioppikirjat opiskelun tukena. Selvitys äänioppikirjojen käytöstä ja mahdollisuuksista perusopetuksen oppilaiden opetuksessa Suomessa</JulkaisunNimi><TekijatiedotTeksti>Aaltonen, Jens</TekijatiedotTeksti><ISBN>978-952-61-1328-9</ISBN><JufoTunnus>65772</JufoTunnus><LehdenNimi>Publications of the University of Eastern Finland. Reports and Studies in Education, Humanities, and Theology.</LehdenNimi><ISSN>1798-5641</ISSN><JulkaisutyyppiKoodi>C1</JulkaisutyyppiKoodi><TieteenalaKoodit><TieteenalaKoodi JNro="1">516</TieteenalaKoodi></TieteenalaKoodit><KoulutusalaKoodit><KoulutusalaKoodi JNro="1">80</KoulutusalaKoodi></KoulutusalaKoodit><YhteisjulkaisuKVKytkin>0</YhteisjulkaisuKVKytkin><YhteisjulkaisuSHPKytkin>0</YhteisjulkaisuSHPKytkin><YhteisjulkaisuTutkimuslaitosKytkin>0</YhteisjulkaisuTutkimuslaitosKytkin><YhteisjulkaisuMuuKytkin>0</YhteisjulkaisuMuuKytkin><JulkaisunKansainvalisyysKytkin>0</JulkaisunKansainvalisyysKytkin><JulkaisunKieliKoodi>fi</JulkaisunKieliKoodi><AvoinSaatavuusKoodi>2</AvoinSaatavuusKoodi><EVOjulkaisuKytkin>0</EVOjulkaisuKytkin><Tekijat><Tekija><Sukunimi>Aaltonen</Sukunimi><Etunimet>Jens</Etunimet><Yksikot><YksikkoKoodi>T401</YksikkoKoodi></Yksikot></Tekija></Tekijat></Julkaisu>', N'DWI\rrapo', CAST(0x043A726822BB3A0B00 AS DateTime2), NULL, NULL)
INSERT [dbo].[JulkaisutXML] ([JulkaisuXMLid], [JulkaisuID], [xmldata], [Luoja], [Luontipaivamaara], [Paivittaja], [Paivityspaivamaara]) VALUES (982270, 755289, N'<Julkaisu><OrganisaatioTunnus>31313</OrganisaatioTunnus><IlmoitusVuosi>2014</IlmoitusVuosi><JulkaisunTunnus>31313:RE08:2014</JulkaisunTunnus><JulkaisunOrgTunnus>RE08</JulkaisunOrgTunnus><JulkaisuVuosi>2014</JulkaisuVuosi><JulkaisunNimi>Alkoholin riskikäytön tunnistaminen ja mini-interventio</JulkaisunNimi><TekijatiedotTeksti>Aalto, Mauri; Seppä, Kaija</TekijatiedotTeksti><SivunumeroTeksti>25-29</SivunumeroTeksti><JufoTunnus>76622</JufoTunnus><JulkaisumaaKoodi>246</JulkaisumaaKoodi><LehdenNimi>Työterveyslääkäri</LehdenNimi><ISSN>0780-2218</ISSN><VolyymiTeksti>28</VolyymiTeksti><LehdenNumeroTeksti>2</LehdenNumeroTeksti><KustannuspaikkaTeksti>Helsinki</KustannuspaikkaTeksti><JulkaisutyyppiKoodi>D1</JulkaisutyyppiKoodi><TieteenalaKoodit><TieteenalaKoodi JNro="1">3142</TieteenalaKoodi></TieteenalaKoodit><KoulutusalaKoodit><KoulutusalaKoodi JNro="1">90</KoulutusalaKoodi></KoulutusalaKoodit><YhteisjulkaisuKVKytkin>0</YhteisjulkaisuKVKytkin><YhteisjulkaisuSHPKytkin>0</YhteisjulkaisuSHPKytkin><YhteisjulkaisuTutkimuslaitosKytkin>0</YhteisjulkaisuTutkimuslaitosKytkin><YhteisjulkaisuMuuKytkin>0</YhteisjulkaisuMuuKytkin><JulkaisunKansainvalisyysKytkin>0</JulkaisunKansainvalisyysKytkin><JulkaisunKieliKoodi>fi</JulkaisunKieliKoodi><AvoinSaatavuusKoodi>1</AvoinSaatavuusKoodi><EVOjulkaisuKytkin>0</EVOjulkaisuKytkin><PysyvaOsoiteTeksti>http://www.terveysportti.fi/dtk/shk/avaa?p_artikkeli=ttl00733</PysyvaOsoiteTeksti></Julkaisu>', N'DWI\rrapo', CAST(0x043A726822BB3A0B00 AS DateTime2), NULL, NULL)
INSERT [dbo].[JulkaisutXML] ([JulkaisuXMLid], [JulkaisuID], [xmldata], [Luoja], [Luontipaivamaara], [Paivittaja], [Paivityspaivamaara]) VALUES (982271, 755296, N'<Julkaisu><OrganisaatioTunnus>31313</OrganisaatioTunnus><IlmoitusVuosi>2014</IlmoitusVuosi><JulkaisunTunnus>31313:RE09:2014</JulkaisunTunnus><JulkaisunOrgTunnus>RE09</JulkaisunOrgTunnus><JulkaisuVuosi>2014</JulkaisuVuosi><JulkaisunNimi>Rakenteet ja toiminnot piilosilla Rakenteellinen kehittäminen tutkimuksen ja koulutuksen huipulta katsottuna</JulkaisunNimi><TekijatiedotTeksti>Kuoppala, Kari; Näppilä, Timo; Hölttä, Seppo</TekijatiedotTeksti><ISBN>978-952-48-5837-3</ISBN><EmojulkaisunNimi>Yliopistojen rakenteellinen kehittäminen, akateemiset yhteisöt ja muutos</EmojulkaisunNimi><EmojulkaisunToimittajatTeksti>Aittola, Helena; Marttila, Liisa</EmojulkaisunToimittajatTeksti><JulkaisutyyppiKoodi>D4</JulkaisutyyppiKoodi><TieteenalaKoodit><TieteenalaKoodi JNro="1">520</TieteenalaKoodi></TieteenalaKoodit><KoulutusalaKoodit><KoulutusalaKoodi JNro="1">82</KoulutusalaKoodi><KoulutusalaKoodi JNro="2">82</KoulutusalaKoodi></KoulutusalaKoodit><YhteisjulkaisuKVKytkin>0</YhteisjulkaisuKVKytkin><YhteisjulkaisuSHPKytkin>0</YhteisjulkaisuSHPKytkin><YhteisjulkaisuTutkimuslaitosKytkin>0</YhteisjulkaisuTutkimuslaitosKytkin><YhteisjulkaisuMuuKytkin>1</YhteisjulkaisuMuuKytkin><JulkaisunKansainvalisyysKytkin>0</JulkaisunKansainvalisyysKytkin><JulkaisunKieliKoodi>fi</JulkaisunKieliKoodi><AvoinSaatavuusKoodi>0</AvoinSaatavuusKoodi><EVOjulkaisuKytkin>0</EVOjulkaisuKytkin></Julkaisu>', N'DWI\rrapo', CAST(0x043A726822BB3A0B00 AS DateTime2), NULL, NULL)
INSERT [dbo].[JulkaisutXML] ([JulkaisuXMLid], [JulkaisuID], [xmldata], [Luoja], [Luontipaivamaara], [Paivittaja], [Paivityspaivamaara]) VALUES (982272, 755294, N'<Julkaisu><OrganisaatioTunnus>31313</OrganisaatioTunnus><IlmoitusVuosi>2014</IlmoitusVuosi><JulkaisunTunnus>31313:RE10:2014</JulkaisunTunnus><JulkaisunOrgTunnus>RE10</JulkaisunOrgTunnus><JulkaisuVuosi>2014</JulkaisuVuosi><JulkaisunNimi>Fennovoima tarvitsee Eurajokea</JulkaisunNimi><TekijatiedotTeksti>Kojo, Matti</TekijatiedotTeksti><SivunumeroTeksti>2</SivunumeroTeksti><JulkaisumaaKoodi>246</JulkaisumaaKoodi><LehdenNimi>Aamulehti</LehdenNimi><ISSN>0355-6913</ISSN><VolyymiTeksti>130</VolyymiTeksti><LehdenNumeroTeksti>347</LehdenNumeroTeksti><JulkaisutyyppiKoodi>E1</JulkaisutyyppiKoodi><TieteenalaKoodit><TieteenalaKoodi JNro="1">517</TieteenalaKoodi></TieteenalaKoodit><KoulutusalaKoodit><KoulutusalaKoodi JNro="1">82</KoulutusalaKoodi></KoulutusalaKoodit><YhteisjulkaisuKVKytkin>0</YhteisjulkaisuKVKytkin><YhteisjulkaisuSHPKytkin>0</YhteisjulkaisuSHPKytkin><YhteisjulkaisuTutkimuslaitosKytkin>0</YhteisjulkaisuTutkimuslaitosKytkin><YhteisjulkaisuMuuKytkin>0</YhteisjulkaisuMuuKytkin><JulkaisunKansainvalisyysKytkin>0</JulkaisunKansainvalisyysKytkin><JulkaisunKieliKoodi>fi</JulkaisunKieliKoodi><AvoinSaatavuusKoodi>0</AvoinSaatavuusKoodi><EVOjulkaisuKytkin>0</EVOjulkaisuKytkin><Tekijat><Tekija><Sukunimi>Kojo</Sukunimi><Etunimet>Matti</Etunimet><Yksikot><YksikkoKoodi>T205</YksikkoKoodi></Yksikot><ORCID>0000-0000-0000-0000</ORCID></Tekija></Tekijat></Julkaisu>', N'DWI\rrapo', CAST(0x043A726822BB3A0B00 AS DateTime2), NULL, NULL)
INSERT [dbo].[JulkaisutXML] ([JulkaisuXMLid], [JulkaisuID], [xmldata], [Luoja], [Luontipaivamaara], [Paivittaja], [Paivityspaivamaara]) VALUES (982273, 755295, N'<Julkaisu><OrganisaatioTunnus>31313</OrganisaatioTunnus><IlmoitusVuosi>2014</IlmoitusVuosi><JulkaisunTunnus>31313:RE11:2014</JulkaisunTunnus><JulkaisunOrgTunnus>RE11</JulkaisunOrgTunnus><JulkaisuVuosi>2014</JulkaisuVuosi><JulkaisunNimi>Rooman valtakunnan nousu ja tuho</JulkaisunNimi><TekijatiedotTeksti>Meikäläinen, Matti</TekijatiedotTeksti><AvainSanat><AvainSanaTeksti>Rooma</AvainSanaTeksti><AvainSanaTeksti>Historia</AvainSanaTeksti></AvainSanat><JulkaisumaaKoodi>246</JulkaisumaaKoodi><LehdenNimi>Yliopiston X julkaisuja</LehdenNimi><JulkaisutyyppiKoodi>G4</JulkaisutyyppiKoodi><TieteenalaKoodit><TieteenalaKoodi JNro="1">615</TieteenalaKoodi></TieteenalaKoodit><KoulutusalaKoodit><KoulutusalaKoodi JNro="1">82</KoulutusalaKoodi></KoulutusalaKoodit><YhteisjulkaisuKVKytkin>0</YhteisjulkaisuKVKytkin><YhteisjulkaisuSHPKytkin>0</YhteisjulkaisuSHPKytkin><YhteisjulkaisuTutkimuslaitosKytkin>0</YhteisjulkaisuTutkimuslaitosKytkin><YhteisjulkaisuMuuKytkin>0</YhteisjulkaisuMuuKytkin><JulkaisunKansainvalisyysKytkin>0</JulkaisunKansainvalisyysKytkin><JulkaisunKieliKoodi>fi</JulkaisunKieliKoodi><AvoinSaatavuusKoodi>1</AvoinSaatavuusKoodi><EVOjulkaisuKytkin>0</EVOjulkaisuKytkin><Tekijat><Tekija><Sukunimi>Meikäläinen</Sukunimi><Etunimet>Matti</Etunimet><Yksikot><YksikkoKoodi>T205</YksikkoKoodi></Yksikot></Tekija></Tekijat></Julkaisu>', N'DWI\rrapo', CAST(0x043A726822BB3A0B00 AS DateTime2), NULL, NULL)
INSERT [dbo].[JulkaisutXML] ([JulkaisuXMLid], [JulkaisuID], [xmldata], [Luoja], [Luontipaivamaara], [Paivittaja], [Paivityspaivamaara]) VALUES (982274, 755297, N'<Julkaisu><OrganisaatioTunnus>31313</OrganisaatioTunnus><IlmoitusVuosi>2014</IlmoitusVuosi><JulkaisunTunnus>31313:Re12:2014</JulkaisunTunnus><JulkaisunOrgTunnus>Re12</JulkaisunOrgTunnus><JulkaisuVuosi>2014</JulkaisuVuosi><JulkaisunNimi>Electrical properties of semiconductors</JulkaisunNimi><TekijatiedotTeksti>Virtanen, Johannes</TekijatiedotTeksti><JulkaisumaaKoodi>246</JulkaisumaaKoodi><LehdenNimi>Yliopiston X fysiikan laitoksen julkaisuja</LehdenNimi><ISSN>1234-8329</ISSN><VolyymiTeksti>5</VolyymiTeksti><LehdenNumeroTeksti>0</LehdenNumeroTeksti><KonferenssinNimi>0</KonferenssinNimi><JulkaisutyyppiKoodi>G5</JulkaisutyyppiKoodi><TieteenalaKoodit><TieteenalaKoodi JNro="1">114</TieteenalaKoodi><TieteenalaKoodi JNro="2">115</TieteenalaKoodi></TieteenalaKoodit><KoulutusalaKoodit><KoulutusalaKoodi JNro="1">89</KoulutusalaKoodi><KoulutusalaKoodi JNro="2">87</KoulutusalaKoodi></KoulutusalaKoodit><YhteisjulkaisuKVKytkin>0</YhteisjulkaisuKVKytkin><YhteisjulkaisuSHPKytkin>0</YhteisjulkaisuSHPKytkin><YhteisjulkaisuTutkimuslaitosKytkin>0</YhteisjulkaisuTutkimuslaitosKytkin><YhteisjulkaisuMuuKytkin>0</YhteisjulkaisuMuuKytkin><JulkaisunKansainvalisyysKytkin>0</JulkaisunKansainvalisyysKytkin><JulkaisunKieliKoodi>en</JulkaisunKieliKoodi><AvoinSaatavuusKoodi>1</AvoinSaatavuusKoodi><EVOjulkaisuKytkin>0</EVOjulkaisuKytkin><Tekijat><Tekija><Sukunimi>Virtanen</Sukunimi><Etunimet>Johannes</Etunimet><Yksikot><YksikkoKoodi>T305</YksikkoKoodi></Yksikot><ORCID>0000-0000-0000-0000</ORCID></Tekija></Tekijat></Julkaisu>', N'DWI\rrapo', CAST(0x043A726822BB3A0B00 AS DateTime2), NULL, NULL)
INSERT [dbo].[JulkaisutXML] ([JulkaisuXMLid], [JulkaisuID], [xmldata], [Luoja], [Luontipaivamaara], [Paivittaja], [Paivityspaivamaara]) VALUES (982275, 755301, N'<Julkaisu><OrganisaatioTunnus>RE01</OrganisaatioTunnus><IlmoitusVuosi>2014</IlmoitusVuosi><JulkaisunTunnus>RE01:31232131:2014</JulkaisunTunnus><JulkaisunTilaKoodi>1</JulkaisunTilaKoodi><JulkaisunOrgTunnus>31232131</JulkaisunOrgTunnus><JulkaisunOrgYksikot><YksikkoKoodi>E01</YksikkoKoodi><YksikkoKoodi>E02</YksikkoKoodi><YksikkoKoodi>E03</YksikkoKoodi><YksikkoKoodi>E04</YksikkoKoodi><YksikkoKoodi>E05</YksikkoKoodi></JulkaisunOrgYksikot><JulkaisuVuosi>2014</JulkaisuVuosi><JulkaisunNimi>19q13 amplification is associated with high grade and stage in pancreatic cancer</JulkaisunNimi><TekijatiedotTeksti>Kuuselo, Riina; Simon, Ronald; Karhu, Ritva; Tennstedt, Pierre; Marx, Andreas H.; Izbicki, Jakob R.; Yekebas, Emre; Sauter, Guido; Kallioniemi, Anne</TekijatiedotTeksti><SivunumeroTeksti>569-575</SivunumeroTeksti><Artikkelinumero>111</Artikkelinumero><JufoTunnus>56446</JufoTunnus><JufoLuokkaKoodi>1</JufoLuokkaKoodi><JulkaisumaaKoodi>826</JulkaisumaaKoodi><LehdenNimi>Genes, Chromosomes &amp; Cancer</LehdenNimi><ISSN>1045-2257</ISSN><VolyymiTeksti>49</VolyymiTeksti><LehdenNumeroTeksti>6</LehdenNumeroTeksti><JulkaisutyyppiKoodi>A1</JulkaisutyyppiKoodi><TieteenalaKoodit><TieteenalaKoodi JNro="1">3111</TieteenalaKoodi><TieteenalaKoodi JNro="2">3122</TieteenalaKoodi></TieteenalaKoodit><KoulutusalaKoodit><KoulutusalaKoodi JNro="1">90</KoulutusalaKoodi></KoulutusalaKoodit><YhteisjulkaisuKVKytkin>1</YhteisjulkaisuKVKytkin><YhteisjulkaisuSHPKytkin>0</YhteisjulkaisuSHPKytkin><YhteisjulkaisuTutkimuslaitosKytkin>0</YhteisjulkaisuTutkimuslaitosKytkin><YhteisjulkaisuMuuKytkin>0</YhteisjulkaisuMuuKytkin><JulkaisunKansainvalisyysKytkin>1</JulkaisunKansainvalisyysKytkin><JulkaisunKieliKoodi>en</JulkaisunKieliKoodi><AvoinSaatavuusKoodi>2</AvoinSaatavuusKoodi><EVOjulkaisuKytkin>1</EVOjulkaisuKytkin><DOI>10.1002/gcc.20767</DOI><PysyvaOsoiteTeksti>http://onlinelibrary.wiley.com/doi/10.1002/gcc.20767/abstract</PysyvaOsoiteTeksti><Tekijat><Tekija><Sukunimi>Kallioniemi</Sukunimi><Etunimet>Anne</Etunimet><Yksikot><YksikkoKoodi>T307</YksikkoKoodi><YksikkoKoodi>T307</YksikkoKoodi></Yksikot></Tekija><Tekija><Sukunimi>Kuuselo</Sukunimi><Etunimet>Riina</Etunimet><Yksikot><YksikkoKoodi>T305</YksikkoKoodi><YksikkoKoodi>T305</YksikkoKoodi></Yksikot></Tekija></Tekijat></Julkaisu>', N'DWI\rrapo', CAST(0x043A726822BB3A0B00 AS DateTime2), NULL, NULL)
SET IDENTITY_INSERT [dbo].[JulkaisutXML] OFF
